"","point","habitat","site","latitude","longitude","elevation","day","depth_max","depth_min","hydroperiod_hday"
"1","Zn1_0","Zn","S1",21781.889,-298079.316,0.304,1,1.296,0,21.1333333333333
"2","Zn1_0","Zn","S1",21781.889,-298079.316,0.304,2,1.196,0,20.9
"3","Zn1_0","Zn","S1",21781.889,-298079.316,0.304,3,0.996,0,20.6666666666667
"4","Zn1_0","Zn","S1",21781.889,-298079.316,0.304,4,0.796,0,20
"5","Zn1_0","Zn","S1",21781.889,-298079.316,0.304,5,0.596,0,19.3333333333333
"6","Zn1_0","Zn","S1",21781.889,-298079.316,0.304,6,0.496,0,19.6666666666667
"7","Zn1_0","Zn","S1",21781.889,-298079.316,0.304,7,0.596,0,16.4333333333333
"8","Zn1_0","Zn","S1",21781.889,-298079.316,0.304,8,0.796,0,17.9333333333333
"9","Zn1_0","Zn","S1",21781.889,-298079.316,0.304,9,0.795961399106329,0,18.4
"10","Zn1_0","Zn","S1",21781.889,-298079.316,0.304,10,0.896,0,19.3333333333333
"11","Zn1_0","Zn","S1",21781.889,-298079.316,0.304,11,1.096,0,19.6666666666667
"12","Zn1_0","Zn","S1",21781.889,-298079.316,0.304,12,1.196,0,19.8666666666667
"13","Zn1_0","Zn","S1",21781.889,-298079.316,0.304,13,1.196,0,20.6666666666667
"14","Zn1_0","Zn","S1",21781.889,-298079.316,0.304,14,1.196,0,20.9666666666667
"15","Zn1_0","Zn","S1",21781.889,-298079.316,0.304,15,1.096,0,20.7
"16","Zn1_0","Zn","S1",21781.889,-298079.316,0.304,16,0.896,0,20.1
"17","Zn1_0","Zn","S1",21781.889,-298079.316,0.304,17,0.696,0,19.6
"18","Zn1_0","Zn","S1",21781.889,-298079.316,0.304,18,0.596,0,18.5666666666667
"19","Zn1_0","Zn","S1",21781.889,-298079.316,0.304,19,0.396,0,13.2166666666667
"20","Zn1_0","Zn","S1",21781.889,-298079.316,0.304,20,0.196,0,7.31666666666667
"21","Zn1_0","Zn","S1",21781.889,-298079.316,0.304,21,0.196,0,6.71666666666667
"22","Zn1_0","Zn","S1",21781.889,-298079.316,0.304,22,0.296,0,7.05
"23","Zn1_0","Zn","S1",21781.889,-298079.316,0.304,23,0.496,0,7.4
"24","Zn1_0","Zn","S1",21781.889,-298079.316,0.304,24,0.663120729462289,0,8.55
"25","Zn1_0","Zn","S1",21781.889,-298079.316,0.304,25,0.696,0,9.18333333333333
"26","Zn1_0","Zn","S1",21781.889,-298079.316,0.304,26,0.896,0,9.48333333333333
"27","Zn1_0","Zn","S1",21781.889,-298079.316,0.304,27,1.096,0,9.8
"28","Zn1_0","Zn","S1",21781.889,-298079.316,0.304,28,1.296,0,10.2833333333333
"29","Zn1_0","Zn","S1",21781.889,-298079.316,0.304,29,1.396,0,10.7833333333333
"30","Zn1_0","Zn","S1",21781.889,-298079.316,0.304,30,1.296,0,10.5
"31","Zn1_0","Zn","S1",21781.889,-298079.316,0.304,31,1.196,0,10.3833333333333
"210","Zn1_5","Zn","S1",21785.773,-298075.974,0.334,1,1.266,0,20.8333333333333
"211","Zn1_5","Zn","S1",21785.773,-298075.974,0.334,2,1.166,0,20.5666666666667
"212","Zn1_5","Zn","S1",21785.773,-298075.974,0.334,3,0.966,0,20.3
"213","Zn1_5","Zn","S1",21785.773,-298075.974,0.334,4,0.766,0,19.5333333333333
"214","Zn1_5","Zn","S1",21785.773,-298075.974,0.334,5,0.566,0,18.7333333333333
"215","Zn1_5","Zn","S1",21785.773,-298075.974,0.334,6,0.466,0,19
"216","Zn1_5","Zn","S1",21785.773,-298075.974,0.334,7,0.566,0,15.9
"217","Zn1_5","Zn","S1",21785.773,-298075.974,0.334,8,0.766,0,17.4
"218","Zn1_5","Zn","S1",21785.773,-298075.974,0.334,9,0.765961399106329,0,17.9333333333333
"219","Zn1_5","Zn","S1",21785.773,-298075.974,0.334,10,0.866,0,18.9333333333333
"220","Zn1_5","Zn","S1",21785.773,-298075.974,0.334,11,1.066,0,19.3333333333333
"221","Zn1_5","Zn","S1",21785.773,-298075.974,0.334,12,1.166,0,19.6333333333333
"222","Zn1_5","Zn","S1",21785.773,-298075.974,0.334,13,1.166,0,20.3333333333333
"223","Zn1_5","Zn","S1",21785.773,-298075.974,0.334,14,1.166,0,20.6333333333333
"224","Zn1_5","Zn","S1",21785.773,-298075.974,0.334,15,1.066,0,20.3333333333333
"225","Zn1_5","Zn","S1",21785.773,-298075.974,0.334,16,0.866,0,19.6666666666667
"226","Zn1_5","Zn","S1",21785.773,-298075.974,0.334,17,0.666,0,19.1
"227","Zn1_5","Zn","S1",21785.773,-298075.974,0.334,18,0.566,0,18
"228","Zn1_5","Zn","S1",21785.773,-298075.974,0.334,19,0.366,0,12.6
"229","Zn1_5","Zn","S1",21785.773,-298075.974,0.334,20,0.166,0,6.68333333333333
"230","Zn1_5","Zn","S1",21785.773,-298075.974,0.334,21,0.166,0,5.9
"231","Zn1_5","Zn","S1",21785.773,-298075.974,0.334,22,0.266,0,6.61666666666667
"232","Zn1_5","Zn","S1",21785.773,-298075.974,0.334,23,0.466,0,7
"233","Zn1_5","Zn","S1",21785.773,-298075.974,0.334,24,0.633120729462289,0,8.23333333333333
"234","Zn1_5","Zn","S1",21785.773,-298075.974,0.334,25,0.666,0,8.96666666666667
"235","Zn1_5","Zn","S1",21785.773,-298075.974,0.334,26,0.866,0,9.3
"236","Zn1_5","Zn","S1",21785.773,-298075.974,0.334,27,1.066,0,9.61666666666667
"237","Zn1_5","Zn","S1",21785.773,-298075.974,0.334,28,1.266,0,10.1666666666667
"238","Zn1_5","Zn","S1",21785.773,-298075.974,0.334,29,1.366,0,10.6333333333333
"239","Zn1_5","Zn","S1",21785.773,-298075.974,0.334,30,1.266,0,10.3166666666667
"240","Zn1_5","Zn","S1",21785.773,-298075.974,0.334,31,1.166,0,10.2166666666667
"32","Zn1_10","Zn","S1",21789.164,-298072.574,0.296,1,1.304,0,21.2
"33","Zn1_10","Zn","S1",21789.164,-298072.574,0.296,2,1.204,0,21.0333333333333
"34","Zn1_10","Zn","S1",21789.164,-298072.574,0.296,3,1.004,0,20.7333333333333
"35","Zn1_10","Zn","S1",21789.164,-298072.574,0.296,4,0.804,0,20.1333333333333
"36","Zn1_10","Zn","S1",21789.164,-298072.574,0.296,5,0.604,0,19.5333333333333
"37","Zn1_10","Zn","S1",21789.164,-298072.574,0.296,6,0.504,0,19.8666666666667
"38","Zn1_10","Zn","S1",21789.164,-298072.574,0.296,7,0.604,0,16.5666666666667
"39","Zn1_10","Zn","S1",21789.164,-298072.574,0.296,8,0.804,0,18.0666666666667
"310","Zn1_10","Zn","S1",21789.164,-298072.574,0.296,9,0.803961399106329,0,18.5
"311","Zn1_10","Zn","S1",21789.164,-298072.574,0.296,10,0.904,0,19.4333333333333
"312","Zn1_10","Zn","S1",21789.164,-298072.574,0.296,11,1.104,0,19.8
"313","Zn1_10","Zn","S1",21789.164,-298072.574,0.296,12,1.204,0,19.9333333333333
"314","Zn1_10","Zn","S1",21789.164,-298072.574,0.296,13,1.204,0,20.8
"315","Zn1_10","Zn","S1",21789.164,-298072.574,0.296,14,1.204,0,21.0666666666667
"316","Zn1_10","Zn","S1",21789.164,-298072.574,0.296,15,1.104,0,20.8
"317","Zn1_10","Zn","S1",21789.164,-298072.574,0.296,16,0.904,0,20.1666666666667
"318","Zn1_10","Zn","S1",21789.164,-298072.574,0.296,17,0.704,0,19.7333333333333
"319","Zn1_10","Zn","S1",21789.164,-298072.574,0.296,18,0.604,0,18.7666666666667
"320","Zn1_10","Zn","S1",21789.164,-298072.574,0.296,19,0.404,0,13.3333333333333
"321","Zn1_10","Zn","S1",21789.164,-298072.574,0.296,20,0.204,0,7.45
"322","Zn1_10","Zn","S1",21789.164,-298072.574,0.296,21,0.204,0,6.91666666666667
"323","Zn1_10","Zn","S1",21789.164,-298072.574,0.296,22,0.304,0,7.15
"324","Zn1_10","Zn","S1",21789.164,-298072.574,0.296,23,0.504,0,7.53333333333333
"325","Zn1_10","Zn","S1",21789.164,-298072.574,0.296,24,0.671120729462289,0,8.61666666666667
"326","Zn1_10","Zn","S1",21789.164,-298072.574,0.296,25,0.704,0,9.25
"327","Zn1_10","Zn","S1",21789.164,-298072.574,0.296,26,0.904,0,9.55
"328","Zn1_10","Zn","S1",21789.164,-298072.574,0.296,27,1.104,0,9.83333333333333
"329","Zn1_10","Zn","S1",21789.164,-298072.574,0.296,28,1.304,0,10.3166666666667
"330","Zn1_10","Zn","S1",21789.164,-298072.574,0.296,29,1.404,0,10.8166666666667
"331","Zn1_10","Zn","S1",21789.164,-298072.574,0.296,30,1.304,0,10.5166666666667
"332","Zn1_10","Zn","S1",21789.164,-298072.574,0.296,31,1.204,0,10.4333333333333
"41","Zn1_15","Zn","S1",21792.974,-298069.287,0.316,1,1.284,0,21
"42","Zn1_15","Zn","S1",21792.974,-298069.287,0.316,2,1.184,0,20.7666666666667
"43","Zn1_15","Zn","S1",21792.974,-298069.287,0.316,3,0.984,0,20.4666666666667
"44","Zn1_15","Zn","S1",21792.974,-298069.287,0.316,4,0.784,0,19.7666666666667
"45","Zn1_15","Zn","S1",21792.974,-298069.287,0.316,5,0.584,0,19.1
"46","Zn1_15","Zn","S1",21792.974,-298069.287,0.316,6,0.484,0,19.4
"47","Zn1_15","Zn","S1",21792.974,-298069.287,0.316,7,0.584,0,16.2333333333333
"48","Zn1_15","Zn","S1",21792.974,-298069.287,0.316,8,0.784,0,17.7333333333333
"49","Zn1_15","Zn","S1",21792.974,-298069.287,0.316,9,0.783961399106329,0,18.2
"410","Zn1_15","Zn","S1",21792.974,-298069.287,0.316,10,0.884,0,19.2
"411","Zn1_15","Zn","S1",21792.974,-298069.287,0.316,11,1.084,0,19.5333333333333
"412","Zn1_15","Zn","S1",21792.974,-298069.287,0.316,12,1.184,0,19.7666666666667
"413","Zn1_15","Zn","S1",21792.974,-298069.287,0.316,13,1.184,0,20.5333333333333
"414","Zn1_15","Zn","S1",21792.974,-298069.287,0.316,14,1.184,0,20.8333333333333
"415","Zn1_15","Zn","S1",21792.974,-298069.287,0.316,15,1.084,0,20.5666666666667
"416","Zn1_15","Zn","S1",21792.974,-298069.287,0.316,16,0.884,0,19.9
"417","Zn1_15","Zn","S1",21792.974,-298069.287,0.316,17,0.684,0,19.4
"418","Zn1_15","Zn","S1",21792.974,-298069.287,0.316,18,0.584,0,18.3333333333333
"419","Zn1_15","Zn","S1",21792.974,-298069.287,0.316,19,0.384,0,13
"420","Zn1_15","Zn","S1",21792.974,-298069.287,0.316,20,0.184,0,7.05
"421","Zn1_15","Zn","S1",21792.974,-298069.287,0.316,21,0.184,0,6.38333333333333
"422","Zn1_15","Zn","S1",21792.974,-298069.287,0.316,22,0.284,0,6.86666666666667
"423","Zn1_15","Zn","S1",21792.974,-298069.287,0.316,23,0.484,0,7.25
"424","Zn1_15","Zn","S1",21792.974,-298069.287,0.316,24,0.651120729462289,0,8.43333333333333
"425","Zn1_15","Zn","S1",21792.974,-298069.287,0.316,25,0.684,0,9.11666666666667
"426","Zn1_15","Zn","S1",21792.974,-298069.287,0.316,26,0.884,0,9.41666666666667
"427","Zn1_15","Zn","S1",21792.974,-298069.287,0.316,27,1.084,0,9.73333333333333
"428","Zn1_15","Zn","S1",21792.974,-298069.287,0.316,28,1.284,0,10.2333333333333
"429","Zn1_15","Zn","S1",21792.974,-298069.287,0.316,29,1.384,0,10.7166666666667
"430","Zn1_15","Zn","S1",21792.974,-298069.287,0.316,30,1.284,0,10.45
"431","Zn1_15","Zn","S1",21792.974,-298069.287,0.316,31,1.184,0,10.3333333333333
"51","Zn1_20","Zn","S1",21796.672,-298065.859,0.391,1,1.209,0,20.2
"52","Zn1_20","Zn","S1",21796.672,-298065.859,0.391,2,1.109,0,19.9333333333333
"53","Zn1_20","Zn","S1",21796.672,-298065.859,0.391,3,0.909,0,19.5
"54","Zn1_20","Zn","S1",21796.672,-298065.859,0.391,4,0.709,0,18.5666666666667
"55","Zn1_20","Zn","S1",21796.672,-298065.859,0.391,5,0.509,0,17.5666666666667
"56","Zn1_20","Zn","S1",21796.672,-298065.859,0.391,6,0.409,0,17.6333333333333
"57","Zn1_20","Zn","S1",21796.672,-298065.859,0.391,7,0.509,0,14.8333333333333
"58","Zn1_20","Zn","S1",21796.672,-298065.859,0.391,8,0.709,0,16.3
"59","Zn1_20","Zn","S1",21796.672,-298065.859,0.391,9,0.708961399106329,0,17.0666666666667
"510","Zn1_20","Zn","S1",21796.672,-298065.859,0.391,10,0.809,0,18.1666666666667
"511","Zn1_20","Zn","S1",21796.672,-298065.859,0.391,11,1.009,0,18.6666666666667
"512","Zn1_20","Zn","S1",21796.672,-298065.859,0.391,12,1.109,0,19.1333333333333
"513","Zn1_20","Zn","S1",21796.672,-298065.859,0.391,13,1.109,0,19.7333333333333
"514","Zn1_20","Zn","S1",21796.672,-298065.859,0.391,14,1.109,0,19.9666666666667
"515","Zn1_20","Zn","S1",21796.672,-298065.859,0.391,15,1.009,0,19.6333333333333
"516","Zn1_20","Zn","S1",21796.672,-298065.859,0.391,16,0.809,0,18.8333333333333
"517","Zn1_20","Zn","S1",21796.672,-298065.859,0.391,17,0.609,0,18.1666666666667
"518","Zn1_20","Zn","S1",21796.672,-298065.859,0.391,18,0.509,0,16.8666666666667
"519","Zn1_20","Zn","S1",21796.672,-298065.859,0.391,19,0.309,0,11.5166666666667
"520","Zn1_20","Zn","S1",21796.672,-298065.859,0.391,20,0.109,0,5.35
"521","Zn1_20","Zn","S1",21796.672,-298065.859,0.391,21,0.109,0,3.73333333333333
"522","Zn1_20","Zn","S1",21796.672,-298065.859,0.391,22,0.209,0,5.68333333333333
"523","Zn1_20","Zn","S1",21796.672,-298065.859,0.391,23,0.409,0,6.16666666666667
"524","Zn1_20","Zn","S1",21796.672,-298065.859,0.391,24,0.576120729462289,0,7.65
"525","Zn1_20","Zn","S1",21796.672,-298065.859,0.391,25,0.609,0,8.5
"526","Zn1_20","Zn","S1",21796.672,-298065.859,0.391,26,0.809,0,8.93333333333333
"527","Zn1_20","Zn","S1",21796.672,-298065.859,0.391,27,1.009,0,9.31666666666667
"528","Zn1_20","Zn","S1",21796.672,-298065.859,0.391,28,1.209,0,9.95
"529","Zn1_20","Zn","S1",21796.672,-298065.859,0.391,29,1.309,0,10.3666666666667
"530","Zn1_20","Zn","S1",21796.672,-298065.859,0.391,30,1.209,0,10.05
"531","Zn1_20","Zn","S1",21796.672,-298065.859,0.391,31,1.109,0,9.91666666666667
"61","Sm1_5","Sm","S1",21800.423,-298062.551,0.626,1,0.974,0,17.6
"62","Sm1_5","Sm","S1",21800.423,-298062.551,0.626,2,0.874,0,17.1333333333333
"63","Sm1_5","Sm","S1",21800.423,-298062.551,0.626,3,0.674,0,16.3333333333333
"64","Sm1_5","Sm","S1",21800.423,-298062.551,0.626,4,0.474,0,14.6
"65","Sm1_5","Sm","S1",21800.423,-298062.551,0.626,5,0.274,0,11.8333333333333
"66","Sm1_5","Sm","S1",21800.423,-298062.551,0.626,6,0.174,0,11.1666666666667
"67","Sm1_5","Sm","S1",21800.423,-298062.551,0.626,7,0.274,0,9.36666666666667
"68","Sm1_5","Sm","S1",21800.423,-298062.551,0.626,8,0.474,0,11.5
"69","Sm1_5","Sm","S1",21800.423,-298062.551,0.626,9,0.473961399106329,0,13.1
"610","Sm1_5","Sm","S1",21800.423,-298062.551,0.626,10,0.574,0,14.9333333333333
"611","Sm1_5","Sm","S1",21800.423,-298062.551,0.626,11,0.774,0,15.8
"612","Sm1_5","Sm","S1",21800.423,-298062.551,0.626,12,0.874,0,17.0666666666667
"613","Sm1_5","Sm","S1",21800.423,-298062.551,0.626,13,0.874,0,16.9666666666667
"614","Sm1_5","Sm","S1",21800.423,-298062.551,0.626,14,0.874,0,17.1666666666667
"615","Sm1_5","Sm","S1",21800.423,-298062.551,0.626,15,0.774,0,16.5333333333333
"616","Sm1_5","Sm","S1",21800.423,-298062.551,0.626,16,0.574,0,15.3333333333333
"617","Sm1_5","Sm","S1",21800.423,-298062.551,0.626,17,0.374,0,13.9
"618","Sm1_5","Sm","S1",21800.423,-298062.551,0.626,18,0.274,0,11.3666666666667
"619","Sm1_5","Sm","S1",21800.423,-298062.551,0.626,19,0.074,0,5.45
"620","Sm1_5","Sm","S1",21800.423,-298062.551,0.626,20,0,0,0
"621","Sm1_5","Sm","S1",21800.423,-298062.551,0.626,21,0,0,0
"622","Sm1_5","Sm","S1",21800.423,-298062.551,0.626,22,0,0,0
"623","Sm1_5","Sm","S1",21800.423,-298062.551,0.626,23,0.174,0,1.65
"624","Sm1_5","Sm","S1",21800.423,-298062.551,0.626,24,0.341120729462289,0,4.9
"625","Sm1_5","Sm","S1",21800.423,-298062.551,0.626,25,0.374,0,6.5
"626","Sm1_5","Sm","S1",21800.423,-298062.551,0.626,26,0.574,0,7.35
"627","Sm1_5","Sm","S1",21800.423,-298062.551,0.626,27,0.774,0,8.18333333333333
"628","Sm1_5","Sm","S1",21800.423,-298062.551,0.626,28,0.974,0,8.86666666666667
"629","Sm1_5","Sm","S1",21800.423,-298062.551,0.626,29,1.074,0,9.2
"630","Sm1_5","Sm","S1",21800.423,-298062.551,0.626,30,0.974,0,8.83333333333333
"631","Sm1_5","Sm","S1",21800.423,-298062.551,0.626,31,0.874,0,8.6
"71","Sm1_10","Sm","S1",21804.08,-298059.124,0.868,1,0.732,0,14.7
"72","Sm1_10","Sm","S1",21804.08,-298059.124,0.868,2,0.632,0,13.9333333333333
"73","Sm1_10","Sm","S1",21804.08,-298059.124,0.868,3,0.432,0,12.5
"74","Sm1_10","Sm","S1",21804.08,-298059.124,0.868,4,0.232,0,9.26666666666667
"75","Sm1_10","Sm","S1",21804.08,-298059.124,0.868,5,0.032,0,2.13333333333333
"76","Sm1_10","Sm","S1",21804.08,-298059.124,0.868,6,0,0,0
"77","Sm1_10","Sm","S1",21804.08,-298059.124,0.868,7,0.032,0,2.23333333333333
"78","Sm1_10","Sm","S1",21804.08,-298059.124,0.868,8,0.232,0,4.96666666666667
"79","Sm1_10","Sm","S1",21804.08,-298059.124,0.868,9,0.231961399106329,0,7.93333333333333
"710","Sm1_10","Sm","S1",21804.08,-298059.124,0.868,10,0.332,0,11.0333333333333
"711","Sm1_10","Sm","S1",21804.08,-298059.124,0.868,11,0.532,0,13.2333333333333
"712","Sm1_10","Sm","S1",21804.08,-298059.124,0.868,12,0.632,0,13.9
"713","Sm1_10","Sm","S1",21804.08,-298059.124,0.868,13,0.632,0,13.8
"714","Sm1_10","Sm","S1",21804.08,-298059.124,0.868,14,0.632,0,14
"715","Sm1_10","Sm","S1",21804.08,-298059.124,0.868,15,0.532,0,12.9666666666667
"716","Sm1_10","Sm","S1",21804.08,-298059.124,0.868,16,0.332,0,10.9666666666667
"717","Sm1_10","Sm","S1",21804.08,-298059.124,0.868,17,0.132,0,8.1
"718","Sm1_10","Sm","S1",21804.08,-298059.124,0.868,18,0.032,0,2.06666666666667
"719","Sm1_10","Sm","S1",21804.08,-298059.124,0.868,19,0,0,0
"720","Sm1_10","Sm","S1",21804.08,-298059.124,0.868,20,0,0,0
"721","Sm1_10","Sm","S1",21804.08,-298059.124,0.868,21,0,0,0
"722","Sm1_10","Sm","S1",21804.08,-298059.124,0.868,22,0,0,0
"723","Sm1_10","Sm","S1",21804.08,-298059.124,0.868,23,0,0,0
"724","Sm1_10","Sm","S1",21804.08,-298059.124,0.868,24,0.0991207294622888,0,0.55
"725","Sm1_10","Sm","S1",21804.08,-298059.124,0.868,25,0.132,0,3.85
"726","Sm1_10","Sm","S1",21804.08,-298059.124,0.868,26,0.332,0,5.53333333333333
"727","Sm1_10","Sm","S1",21804.08,-298059.124,0.868,27,0.532,0,6.95
"728","Sm1_10","Sm","S1",21804.08,-298059.124,0.868,28,0.732,0,7.5
"729","Sm1_10","Sm","S1",21804.08,-298059.124,0.868,29,0.832,0,7.91666666666667
"730","Sm1_10","Sm","S1",21804.08,-298059.124,0.868,30,0.732,0,7.48333333333333
"731","Sm1_10","Sm","S1",21804.08,-298059.124,0.868,31,0.632,0,7.1
"81","Zn2_5","Zn","S2",22956.976,-297418.672,-0.802,1,2.402,0,32.7
"82","Zn2_5","Zn","S2",22956.976,-297418.672,-0.802,2,2.302,0,33.5333333333333
"83","Zn2_5","Zn","S2",22956.976,-297418.672,-0.802,3,2.102,0,35.1333333333333
"84","Zn2_5","Zn","S2",22956.976,-297418.672,-0.802,4,1.902,0,37.8333333333333
"85","Zn2_5","Zn","S2",22956.976,-297418.672,-0.802,5,1.702,0,43.4
"86","Zn2_5","Zn","S2",22956.976,-297418.672,-0.802,6,1.602,0.002,48
"87","Zn2_5","Zn","S2",22956.976,-297418.672,-0.802,7,1.702,0.002,48
"88","Zn2_5","Zn","S2",22956.976,-297418.672,-0.802,8,1.902,0,40.5666666666667
"89","Zn2_5","Zn","S2",22956.976,-297418.672,-0.802,9,1.90196139910633,0,36
"810","Zn2_5","Zn","S2",22956.976,-297418.672,-0.802,10,2.002,0,34.2333333333333
"811","Zn2_5","Zn","S2",22956.976,-297418.672,-0.802,11,2.202,0,32.8333333333333
"812","Zn2_5","Zn","S2",22956.976,-297418.672,-0.802,12,2.302,0,31.9
"813","Zn2_5","Zn","S2",22956.976,-297418.672,-0.802,13,2.302,0,31.9333333333333
"814","Zn2_5","Zn","S2",22956.976,-297418.672,-0.802,14,2.302,0,32.9
"815","Zn2_5","Zn","S2",22956.976,-297418.672,-0.802,15,2.202,0,33.9
"816","Zn2_5","Zn","S2",22956.976,-297418.672,-0.802,16,2.002,0,35.8333333333333
"817","Zn2_5","Zn","S2",22956.976,-297418.672,-0.802,17,1.802,0,38.5666666666667
"818","Zn2_5","Zn","S2",22956.976,-297418.672,-0.802,18,1.702,0,42.9666666666667
"819","Zn2_5","Zn","S2",22956.976,-297418.672,-0.802,19,1.502,0.00221787077585212,39.3
"820","Zn2_5","Zn","S2",22956.976,-297418.672,-0.802,20,1.302,0.202,24
"821","Zn2_5","Zn","S2",22956.976,-297418.672,-0.802,21,1.302,0.302,24
"822","Zn2_5","Zn","S2",22956.976,-297418.672,-0.802,22,1.402,0.302,24
"823","Zn2_5","Zn","S2",22956.976,-297418.672,-0.802,23,1.602,0.102,24
"824","Zn2_5","Zn","S2",22956.976,-297418.672,-0.802,24,1.76912072946229,0,20.2333333333333
"825","Zn2_5","Zn","S2",22956.976,-297418.672,-0.802,25,1.802,0,18.0166666666667
"826","Zn2_5","Zn","S2",22956.976,-297418.672,-0.802,26,2.002,0,16.5333333333333
"827","Zn2_5","Zn","S2",22956.976,-297418.672,-0.802,27,2.202,0,15.7666666666667
"828","Zn2_5","Zn","S2",22956.976,-297418.672,-0.802,28,2.402,0,15.3166666666667
"829","Zn2_5","Zn","S2",22956.976,-297418.672,-0.802,29,2.502,0,15.4166666666667
"830","Zn2_5","Zn","S2",22956.976,-297418.672,-0.802,30,2.402,0,15.7
"831","Zn2_5","Zn","S2",22956.976,-297418.672,-0.802,31,2.302,0,16.2833333333333
"91","Zn2_10","Zn","S2",22953.883,-297422.785,-0.585,1,2.185,0,30.4
"92","Zn2_10","Zn","S2",22953.883,-297422.785,-0.585,2,2.085,0,30.8666666666667
"93","Zn2_10","Zn","S2",22953.883,-297422.785,-0.585,3,1.885,0,32
"94","Zn2_10","Zn","S2",22953.883,-297422.785,-0.585,4,1.685,0,33.7
"95","Zn2_10","Zn","S2",22953.883,-297422.785,-0.585,5,1.485,0,36.1333333333333
"96","Zn2_10","Zn","S2",22953.883,-297422.785,-0.585,6,1.385,0,37.4
"97","Zn2_10","Zn","S2",22953.883,-297422.785,-0.585,7,1.485,0,37.3
"98","Zn2_10","Zn","S2",22953.883,-297422.785,-0.585,8,1.685,0,34.4333333333333
"99","Zn2_10","Zn","S2",22953.883,-297422.785,-0.585,9,1.68496139910633,0,31.9
"910","Zn2_10","Zn","S2",22953.883,-297422.785,-0.585,10,1.785,0,30.9
"911","Zn2_10","Zn","S2",22953.883,-297422.785,-0.585,11,1.985,0,30
"912","Zn2_10","Zn","S2",22953.883,-297422.785,-0.585,12,2.085,0,29.2666666666667
"913","Zn2_10","Zn","S2",22953.883,-297422.785,-0.585,13,2.085,0,29.3333333333333
"914","Zn2_10","Zn","S2",22953.883,-297422.785,-0.585,14,2.085,0,30.1333333333333
"915","Zn2_10","Zn","S2",22953.883,-297422.785,-0.585,15,1.985,0,31.5666666666667
"916","Zn2_10","Zn","S2",22953.883,-297422.785,-0.585,16,1.785,0,32.2666666666667
"917","Zn2_10","Zn","S2",22953.883,-297422.785,-0.585,17,1.585,0,33.9666666666667
"918","Zn2_10","Zn","S2",22953.883,-297422.785,-0.585,18,1.485,0,35.6
"919","Zn2_10","Zn","S2",22953.883,-297422.785,-0.585,19,1.285,0,31.5666666666667
"920","Zn2_10","Zn","S2",22953.883,-297422.785,-0.585,20,1.085,0,23.1
"921","Zn2_10","Zn","S2",22953.883,-297422.785,-0.585,21,1.085,0.085,24
"922","Zn2_10","Zn","S2",22953.883,-297422.785,-0.585,22,1.185,0.085,24
"923","Zn2_10","Zn","S2",22953.883,-297422.785,-0.585,23,1.385,0,19.3
"924","Zn2_10","Zn","S2",22953.883,-297422.785,-0.585,24,1.55212072946229,0,17.0833333333333
"925","Zn2_10","Zn","S2",22953.883,-297422.785,-0.585,25,1.585,0,15.95
"926","Zn2_10","Zn","S2",22953.883,-297422.785,-0.585,26,1.785,0,15
"927","Zn2_10","Zn","S2",22953.883,-297422.785,-0.585,27,1.985,0,14.5333333333333
"928","Zn2_10","Zn","S2",22953.883,-297422.785,-0.585,28,2.185,0,14.2
"929","Zn2_10","Zn","S2",22953.883,-297422.785,-0.585,29,2.285,0,14.3
"930","Zn2_10","Zn","S2",22953.883,-297422.785,-0.585,30,2.185,0,14.85
"931","Zn2_10","Zn","S2",22953.883,-297422.785,-0.585,31,2.085,0,15.05
"101","Zn2_15","Zn","S2",22950.905,-297426.603,-0.388,1,1.988,0,28.2666666666667
"102","Zn2_15","Zn","S2",22950.905,-297426.603,-0.388,2,1.888,0,28.5666666666667
"103","Zn2_15","Zn","S2",22950.905,-297426.603,-0.388,3,1.688,0,29.3666666666667
"104","Zn2_15","Zn","S2",22950.905,-297426.603,-0.388,4,1.488,0,30.4
"105","Zn2_15","Zn","S2",22950.905,-297426.603,-0.388,5,1.288,0,32.6666666666667
"106","Zn2_15","Zn","S2",22950.905,-297426.603,-0.388,6,1.188,0,31.7333333333333
"107","Zn2_15","Zn","S2",22950.905,-297426.603,-0.388,7,1.288,0,31.6
"108","Zn2_15","Zn","S2",22950.905,-297426.603,-0.388,8,1.488,0,30.2666666666667
"109","Zn2_15","Zn","S2",22950.905,-297426.603,-0.388,9,1.48796139910633,0,28.6666666666667
"1010","Zn2_15","Zn","S2",22950.905,-297426.603,-0.388,10,1.588,0,28.2
"1011","Zn2_15","Zn","S2",22950.905,-297426.603,-0.388,11,1.788,0,27.6333333333333
"1012","Zn2_15","Zn","S2",22950.905,-297426.603,-0.388,12,1.888,0,27
"1013","Zn2_15","Zn","S2",22950.905,-297426.603,-0.388,13,1.888,0,27.0666666666667
"1014","Zn2_15","Zn","S2",22950.905,-297426.603,-0.388,14,1.888,0,28.3666666666667
"1015","Zn2_15","Zn","S2",22950.905,-297426.603,-0.388,15,1.788,0,29.0666666666667
"1016","Zn2_15","Zn","S2",22950.905,-297426.603,-0.388,16,1.588,0,29.4
"1017","Zn2_15","Zn","S2",22950.905,-297426.603,-0.388,17,1.388,0,30.5
"1018","Zn2_15","Zn","S2",22950.905,-297426.603,-0.388,18,1.288,0,31.4
"1019","Zn2_15","Zn","S2",22950.905,-297426.603,-0.388,19,1.088,0,26.3
"1020","Zn2_15","Zn","S2",22950.905,-297426.603,-0.388,20,0.888,0,18.5
"1021","Zn2_15","Zn","S2",22950.905,-297426.603,-0.388,21,0.888,0,20.2
"1022","Zn2_15","Zn","S2",22950.905,-297426.603,-0.388,22,0.988,0,18.5666666666667
"1023","Zn2_15","Zn","S2",22950.905,-297426.603,-0.388,23,1.188,0,16.0333333333333
"1024","Zn2_15","Zn","S2",22950.905,-297426.603,-0.388,24,1.35512072946229,0,14.9833333333333
"1025","Zn2_15","Zn","S2",22950.905,-297426.603,-0.388,25,1.388,0,14.3666666666667
"1026","Zn2_15","Zn","S2",22950.905,-297426.603,-0.388,26,1.588,0,13.7333333333333
"1027","Zn2_15","Zn","S2",22950.905,-297426.603,-0.388,27,1.788,0,13.4666666666667
"1028","Zn2_15","Zn","S2",22950.905,-297426.603,-0.388,28,1.988,0,13.2333333333333
"1029","Zn2_15","Zn","S2",22950.905,-297426.603,-0.388,29,2.088,0,13.6
"1030","Zn2_15","Zn","S2",22950.905,-297426.603,-0.388,30,1.988,0,13.85
"1031","Zn2_15","Zn","S2",22950.905,-297426.603,-0.388,31,1.888,0,13.9833333333333
"111","Zn2_20","Zn","S2",22947.866,-297430.661,-0.138,1,1.738,0,25.7
"112","Zn2_20","Zn","S2",22947.866,-297430.661,-0.138,2,1.638,0,25.8
"113","Zn2_20","Zn","S2",22947.866,-297430.661,-0.138,3,1.438,0,26.1666666666667
"114","Zn2_20","Zn","S2",22947.866,-297430.661,-0.138,4,1.238,0,26.6333333333333
"115","Zn2_20","Zn","S2",22947.866,-297430.661,-0.138,5,1.038,0,27.9
"116","Zn2_20","Zn","S2",22947.866,-297430.661,-0.138,6,0.938,0,27.0666666666667
"117","Zn2_20","Zn","S2",22947.866,-297430.661,-0.138,7,1.038,0,25.8666666666667
"118","Zn2_20","Zn","S2",22947.866,-297430.661,-0.138,8,1.238,0,25.7
"119","Zn2_20","Zn","S2",22947.866,-297430.661,-0.138,9,1.23796139910633,0,24.9
"1110","Zn2_20","Zn","S2",22947.866,-297430.661,-0.138,10,1.338,0,24.9666666666667
"1111","Zn2_20","Zn","S2",22947.866,-297430.661,-0.138,11,1.538,0,24.7333333333333
"1112","Zn2_20","Zn","S2",22947.866,-297430.661,-0.138,12,1.638,0,24.3
"1113","Zn2_20","Zn","S2",22947.866,-297430.661,-0.138,13,1.638,0,24.7
"1114","Zn2_20","Zn","S2",22947.866,-297430.661,-0.138,14,1.638,0,25.9
"1115","Zn2_20","Zn","S2",22947.866,-297430.661,-0.138,15,1.538,0,26.0333333333333
"1116","Zn2_20","Zn","S2",22947.866,-297430.661,-0.138,16,1.338,0,26.0333333333333
"1117","Zn2_20","Zn","S2",22947.866,-297430.661,-0.138,17,1.138,0,26.5
"1118","Zn2_20","Zn","S2",22947.866,-297430.661,-0.138,18,1.038,0,26.7
"1119","Zn2_20","Zn","S2",22947.866,-297430.661,-0.138,19,0.838,0,20.9333333333333
"1120","Zn2_20","Zn","S2",22947.866,-297430.661,-0.138,20,0.638,0,14.6833333333333
"1121","Zn2_20","Zn","S2",22947.866,-297430.661,-0.138,21,0.638,0,14.15
"1122","Zn2_20","Zn","S2",22947.866,-297430.661,-0.138,22,0.738,0,13.7666666666667
"1123","Zn2_20","Zn","S2",22947.866,-297430.661,-0.138,23,0.938,0,12.85
"1124","Zn2_20","Zn","S2",22947.866,-297430.661,-0.138,24,1.10512072946229,0,12.6
"1125","Zn2_20","Zn","S2",22947.866,-297430.661,-0.138,25,1.138,0,12.4666666666667
"1126","Zn2_20","Zn","S2",22947.866,-297430.661,-0.138,26,1.338,0,12.2
"1127","Zn2_20","Zn","S2",22947.866,-297430.661,-0.138,27,1.538,0,12.1166666666667
"1128","Zn2_20","Zn","S2",22947.866,-297430.661,-0.138,28,1.738,0,12.0166666666667
"1129","Zn2_20","Zn","S2",22947.866,-297430.661,-0.138,29,1.838,0,12.7166666666667
"1130","Zn2_20","Zn","S2",22947.866,-297430.661,-0.138,30,1.738,0,12.6333333333333
"1131","Zn2_20","Zn","S2",22947.866,-297430.661,-0.138,31,1.638,0,12.6833333333333
"121","Zn2_25","Zn","S2",22944.806,-297434.575,0.122,1,1.478,0,23
"122","Zn2_25","Zn","S2",22944.806,-297434.575,0.122,2,1.378,0,22.9333333333333
"123","Zn2_25","Zn","S2",22944.806,-297434.575,0.122,3,1.178,0,22.9666666666667
"124","Zn2_25","Zn","S2",22944.806,-297434.575,0.122,4,0.978,0,22.7666666666667
"125","Zn2_25","Zn","S2",22944.806,-297434.575,0.122,5,0.778,0,22.9666666666667
"126","Zn2_25","Zn","S2",22944.806,-297434.575,0.122,6,0.678,0,22.8333333333333
"127","Zn2_25","Zn","S2",22944.806,-297434.575,0.122,7,0.778,0,20.3
"128","Zn2_25","Zn","S2",22944.806,-297434.575,0.122,8,0.978,0,21.2
"129","Zn2_25","Zn","S2",22944.806,-297434.575,0.122,9,0.977961399106329,0,21.1333333333333
"1210","Zn2_25","Zn","S2",22944.806,-297434.575,0.122,10,1.078,0,21.6333333333333
"1211","Zn2_25","Zn","S2",22944.806,-297434.575,0.122,11,1.278,0,21.8
"1212","Zn2_25","Zn","S2",22944.806,-297434.575,0.122,12,1.378,0,21.4666666666667
"1213","Zn2_25","Zn","S2",22944.806,-297434.575,0.122,13,1.378,0,22.5666666666667
"1214","Zn2_25","Zn","S2",22944.806,-297434.575,0.122,14,1.378,0,23
"1215","Zn2_25","Zn","S2",22944.806,-297434.575,0.122,15,1.278,0,22.9
"1216","Zn2_25","Zn","S2",22944.806,-297434.575,0.122,16,1.078,0,22.5666666666667
"1217","Zn2_25","Zn","S2",22944.806,-297434.575,0.122,17,0.878,0,22.4666666666667
"1218","Zn2_25","Zn","S2",22944.806,-297434.575,0.122,18,0.778,0,22
"1219","Zn2_25","Zn","S2",22944.806,-297434.575,0.122,19,0.578,0,16.4
"1220","Zn2_25","Zn","S2",22944.806,-297434.575,0.122,20,0.378,0,10.5333333333333
"1221","Zn2_25","Zn","S2",22944.806,-297434.575,0.122,21,0.378,0,10.3666666666667
"1222","Zn2_25","Zn","S2",22944.806,-297434.575,0.122,22,0.478,0,9.63333333333333
"1223","Zn2_25","Zn","S2",22944.806,-297434.575,0.122,23,0.678,0,9.75
"1224","Zn2_25","Zn","S2",22944.806,-297434.575,0.122,24,0.845120729462289,0,10.2666666666667
"1225","Zn2_25","Zn","S2",22944.806,-297434.575,0.122,25,0.878,0,10.55
"1226","Zn2_25","Zn","S2",22944.806,-297434.575,0.122,26,1.078,0,10.6166666666667
"1227","Zn2_25","Zn","S2",22944.806,-297434.575,0.122,27,1.278,0,10.75
"1228","Zn2_25","Zn","S2",22944.806,-297434.575,0.122,28,1.478,0,10.9333333333333
"1229","Zn2_25","Zn","S2",22944.806,-297434.575,0.122,29,1.578,0,11.65
"1230","Zn2_25","Zn","S2",22944.806,-297434.575,0.122,30,1.478,0,11.3833333333333
"1231","Zn2_25","Zn","S2",22944.806,-297434.575,0.122,31,1.378,0,11.3333333333333
"131","Zn2_27","Zn","S2",22943.426,-297436.341,0.218,1,1.382,0,22.0333333333333
"132","Zn2_27","Zn","S2",22943.426,-297436.341,0.218,2,1.282,0,21.8666666666667
"133","Zn2_27","Zn","S2",22943.426,-297436.341,0.218,3,1.082,0,21.7666666666667
"134","Zn2_27","Zn","S2",22943.426,-297436.341,0.218,4,0.882,0,21.3
"135","Zn2_27","Zn","S2",22943.426,-297436.341,0.218,5,0.682,0,21.0666666666667
"136","Zn2_27","Zn","S2",22943.426,-297436.341,0.218,6,0.582,0,21.3
"137","Zn2_27","Zn","S2",22943.426,-297436.341,0.218,7,0.682,0,18.2
"138","Zn2_27","Zn","S2",22943.426,-297436.341,0.218,8,0.882,0,19.5
"139","Zn2_27","Zn","S2",22943.426,-297436.341,0.218,9,0.881961399106329,0,19.7
"1310","Zn2_27","Zn","S2",22943.426,-297436.341,0.218,10,0.982,0,20.4333333333333
"1311","Zn2_27","Zn","S2",22943.426,-297436.341,0.218,11,1.182,0,20.6666666666667
"1312","Zn2_27","Zn","S2",22943.426,-297436.341,0.218,12,1.282,0,20.5666666666667
"1313","Zn2_27","Zn","S2",22943.426,-297436.341,0.218,13,1.282,0,21.6333333333333
"1314","Zn2_27","Zn","S2",22943.426,-297436.341,0.218,14,1.282,0,21.9333333333333
"1315","Zn2_27","Zn","S2",22943.426,-297436.341,0.218,15,1.182,0,21.7666666666667
"1316","Zn2_27","Zn","S2",22943.426,-297436.341,0.218,16,0.982,0,21.2666666666667
"1317","Zn2_27","Zn","S2",22943.426,-297436.341,0.218,17,0.782,0,20.9666666666667
"1318","Zn2_27","Zn","S2",22943.426,-297436.341,0.218,18,0.682,0,20.2333333333333
"1319","Zn2_27","Zn","S2",22943.426,-297436.341,0.218,19,0.482,0,14.75
"1320","Zn2_27","Zn","S2",22943.426,-297436.341,0.218,20,0.282,0,8.91666666666667
"1321","Zn2_27","Zn","S2",22943.426,-297436.341,0.218,21,0.282,0,8.71666666666667
"1322","Zn2_27","Zn","S2",22943.426,-297436.341,0.218,22,0.382,0,8.18333333333333
"1323","Zn2_27","Zn","S2",22943.426,-297436.341,0.218,23,0.582,0,8.56666666666667
"1324","Zn2_27","Zn","S2",22943.426,-297436.341,0.218,24,0.749120729462289,0,9.36666666666667
"1325","Zn2_27","Zn","S2",22943.426,-297436.341,0.218,25,0.782,0,9.83333333333333
"1326","Zn2_27","Zn","S2",22943.426,-297436.341,0.218,26,0.982,0,10.0333333333333
"1327","Zn2_27","Zn","S2",22943.426,-297436.341,0.218,27,1.182,0,10.25
"1328","Zn2_27","Zn","S2",22943.426,-297436.341,0.218,28,1.382,0,10.6
"1329","Zn2_27","Zn","S2",22943.426,-297436.341,0.218,29,1.482,0,11.2
"1330","Zn2_27","Zn","S2",22943.426,-297436.341,0.218,30,1.382,0,10.9166666666667
"1331","Zn2_27","Zn","S2",22943.426,-297436.341,0.218,31,1.282,0,10.8166666666667
"141","Sm2_5","Sm","S2",22940.079,-297440.028,0.47,1,1.13,0,19.3666666666667
"142","Sm2_5","Sm","S2",22940.079,-297440.028,0.47,2,1.03,0,19
"143","Sm2_5","Sm","S2",22940.079,-297440.028,0.47,3,0.83,0,18.4666666666667
"144","Sm2_5","Sm","S2",22940.079,-297440.028,0.47,4,0.63,0,17.3666666666667
"145","Sm2_5","Sm","S2",22940.079,-297440.028,0.47,5,0.43,0,15.7666666666667
"146","Sm2_5","Sm","S2",22940.079,-297440.028,0.47,6,0.33,0,15.6666666666667
"147","Sm2_5","Sm","S2",22940.079,-297440.028,0.47,7,0.43,0,13.2666666666667
"148","Sm2_5","Sm","S2",22940.079,-297440.028,0.47,8,0.63,0,14.7666666666667
"149","Sm2_5","Sm","S2",22940.079,-297440.028,0.47,9,0.629961399106329,0,15.7666666666667
"1410","Sm2_5","Sm","S2",22940.079,-297440.028,0.47,10,0.73,0,17.1
"1411","Sm2_5","Sm","S2",22940.079,-297440.028,0.47,11,0.93,0,17.7333333333333
"1412","Sm2_5","Sm","S2",22940.079,-297440.028,0.47,12,1.03,0,18.4333333333333
"1413","Sm2_5","Sm","S2",22940.079,-297440.028,0.47,13,1.03,0,18.8
"1414","Sm2_5","Sm","S2",22940.079,-297440.028,0.47,14,1.03,0,19.0666666666667
"1415","Sm2_5","Sm","S2",22940.079,-297440.028,0.47,15,0.93,0,18.6
"1416","Sm2_5","Sm","S2",22940.079,-297440.028,0.47,16,0.73,0,17.7666666666667
"1417","Sm2_5","Sm","S2",22940.079,-297440.028,0.47,17,0.53,0,16.8
"1418","Sm2_5","Sm","S2",22940.079,-297440.028,0.47,18,0.43,0,15.2
"1419","Sm2_5","Sm","S2",22940.079,-297440.028,0.47,19,0.23,0,9.83333333333333
"1420","Sm2_5","Sm","S2",22940.079,-297440.028,0.47,20,0.03,0,2.76666666666667
"1421","Sm2_5","Sm","S2",22940.079,-297440.028,0.47,21,0.03,0,1.5
"1422","Sm2_5","Sm","S2",22940.079,-297440.028,0.47,22,0.13,0,4
"1423","Sm2_5","Sm","S2",22940.079,-297440.028,0.47,23,0.33,0,4.83333333333333
"1424","Sm2_5","Sm","S2",22940.079,-297440.028,0.47,24,0.497120729462289,0,6.8
"1425","Sm2_5","Sm","S2",22940.079,-297440.028,0.47,25,0.53,0,7.85
"1426","Sm2_5","Sm","S2",22940.079,-297440.028,0.47,26,0.73,0,8.41666666666667
"1427","Sm2_5","Sm","S2",22940.079,-297440.028,0.47,27,0.93,0,8.86666666666667
"1428","Sm2_5","Sm","S2",22940.079,-297440.028,0.47,28,1.13,0,9.66666666666667
"1429","Sm2_5","Sm","S2",22940.079,-297440.028,0.47,29,1.23,0,9.98333333333333
"1430","Sm2_5","Sm","S2",22940.079,-297440.028,0.47,30,1.13,0,9.65
"1431","Sm2_5","Sm","S2",22940.079,-297440.028,0.47,31,1.03,0,9.48333333333333
"151","Sm2_10","Sm","S2",22936.621,-297443.612,0.65,1,0.95,0,17.3333333333333
"152","Sm2_10","Sm","S2",22936.621,-297443.612,0.65,2,0.85,0,16.8
"153","Sm2_10","Sm","S2",22936.621,-297443.612,0.65,3,0.65,0,15.9333333333333
"154","Sm2_10","Sm","S2",22936.621,-297443.612,0.65,4,0.45,0,14.1
"155","Sm2_10","Sm","S2",22936.621,-297443.612,0.65,5,0.25,0,11.1333333333333
"156","Sm2_10","Sm","S2",22936.621,-297443.612,0.65,6,0.15,0,10.3333333333333
"157","Sm2_10","Sm","S2",22936.621,-297443.612,0.65,7,0.25,0,8.53333333333333
"158","Sm2_10","Sm","S2",22936.621,-297443.612,0.65,8,0.45,0,10.8666666666667
"159","Sm2_10","Sm","S2",22936.621,-297443.612,0.65,9,0.449961399106329,0,12.6666666666667
"1510","Sm2_10","Sm","S2",22936.621,-297443.612,0.65,10,0.55,0,14.5333333333333
"1511","Sm2_10","Sm","S2",22936.621,-297443.612,0.65,11,0.75,0,15.5333333333333
"1512","Sm2_10","Sm","S2",22936.621,-297443.612,0.65,12,0.85,0,16.7333333333333
"1513","Sm2_10","Sm","S2",22936.621,-297443.612,0.65,13,0.85,0,16.6666666666667
"1514","Sm2_10","Sm","S2",22936.621,-297443.612,0.65,14,0.85,0,16.8666666666667
"1515","Sm2_10","Sm","S2",22936.621,-297443.612,0.65,15,0.75,0,16.2
"1516","Sm2_10","Sm","S2",22936.621,-297443.612,0.65,16,0.55,0,14.9666666666667
"1517","Sm2_10","Sm","S2",22936.621,-297443.612,0.65,17,0.35,0,13.4
"1518","Sm2_10","Sm","S2",22936.621,-297443.612,0.65,18,0.25,0,10.7333333333333
"1519","Sm2_10","Sm","S2",22936.621,-297443.612,0.65,19,0.0499999999999999,0,4.48333333333333
"1520","Sm2_10","Sm","S2",22936.621,-297443.612,0.65,20,0,0,0
"1521","Sm2_10","Sm","S2",22936.621,-297443.612,0.65,21,0,0,0
"1522","Sm2_10","Sm","S2",22936.621,-297443.612,0.65,22,0,0,0
"1523","Sm2_10","Sm","S2",22936.621,-297443.612,0.65,23,0.15,0,1.55
"1524","Sm2_10","Sm","S2",22936.621,-297443.612,0.65,24,0.317120729462289,0,4.55
"1525","Sm2_10","Sm","S2",22936.621,-297443.612,0.65,25,0.35,0,6.28333333333333
"1526","Sm2_10","Sm","S2",22936.621,-297443.612,0.65,26,0.55,0,7.18333333333333
"1527","Sm2_10","Sm","S2",22936.621,-297443.612,0.65,27,0.75,0,8.06666666666667
"1528","Sm2_10","Sm","S2",22936.621,-297443.612,0.65,28,0.95,0,8.73333333333333
"1529","Sm2_10","Sm","S2",22936.621,-297443.612,0.65,29,1.05,0,9.06666666666667
"1530","Sm2_10","Sm","S2",22936.621,-297443.612,0.65,30,0.95,0,8.71666666666667
"1531","Sm2_10","Sm","S2",22936.621,-297443.612,0.65,31,0.85,0,8.46666666666667
"161","Sm2_12","Sm","S2",22935.304,-297445.096,0.409,1,1.191,0,20
"162","Sm2_12","Sm","S2",22935.304,-297445.096,0.409,2,1.091,0,19.7
"163","Sm2_12","Sm","S2",22935.304,-297445.096,0.409,3,0.891,0,19.2666666666667
"164","Sm2_12","Sm","S2",22935.304,-297445.096,0.409,4,0.691,0,18.3
"165","Sm2_12","Sm","S2",22935.304,-297445.096,0.409,5,0.491,0,17.1333333333333
"166","Sm2_12","Sm","S2",22935.304,-297445.096,0.409,6,0.391,0,17.2333333333333
"167","Sm2_12","Sm","S2",22935.304,-297445.096,0.409,7,0.491,0,14.5
"168","Sm2_12","Sm","S2",22935.304,-297445.096,0.409,8,0.691,0,16.0333333333333
"169","Sm2_12","Sm","S2",22935.304,-297445.096,0.409,9,0.690961399106329,0,16.8
"1610","Sm2_12","Sm","S2",22935.304,-297445.096,0.409,10,0.791,0,17.9
"1611","Sm2_12","Sm","S2",22935.304,-297445.096,0.409,11,0.991,0,18.4333333333333
"1612","Sm2_12","Sm","S2",22935.304,-297445.096,0.409,12,1.091,0,18.9666666666667
"1613","Sm2_12","Sm","S2",22935.304,-297445.096,0.409,13,1.091,0,19.4666666666667
"1614","Sm2_12","Sm","S2",22935.304,-297445.096,0.409,14,1.091,0,19.7666666666667
"1615","Sm2_12","Sm","S2",22935.304,-297445.096,0.409,15,0.991,0,19.3666666666667
"1616","Sm2_12","Sm","S2",22935.304,-297445.096,0.409,16,0.791,0,18.6333333333333
"1617","Sm2_12","Sm","S2",22935.304,-297445.096,0.409,17,0.591,0,17.8333333333333
"1618","Sm2_12","Sm","S2",22935.304,-297445.096,0.409,18,0.491,0,16.5
"1619","Sm2_12","Sm","S2",22935.304,-297445.096,0.409,19,0.291,0,11.1166666666667
"1620","Sm2_12","Sm","S2",22935.304,-297445.096,0.409,20,0.091,0,4.88333333333333
"1621","Sm2_12","Sm","S2",22935.304,-297445.096,0.409,21,0.091,0,2.65
"1622","Sm2_12","Sm","S2",22935.304,-297445.096,0.409,22,0.191,0,5.36666666666667
"1623","Sm2_12","Sm","S2",22935.304,-297445.096,0.409,23,0.391,0,5.86666666666667
"1624","Sm2_12","Sm","S2",22935.304,-297445.096,0.409,24,0.558120729462289,0,7.46666666666667
"1625","Sm2_12","Sm","S2",22935.304,-297445.096,0.409,25,0.591,0,8.36666666666667
"1626","Sm2_12","Sm","S2",22935.304,-297445.096,0.409,26,0.791,0,8.81666666666667
"1627","Sm2_12","Sm","S2",22935.304,-297445.096,0.409,27,0.991,0,9.21666666666667
"1628","Sm2_12","Sm","S2",22935.304,-297445.096,0.409,28,1.191,0,9.88333333333333
"1629","Sm2_12","Sm","S2",22935.304,-297445.096,0.409,29,1.291,0,10.2833333333333
"1630","Sm2_12","Sm","S2",22935.304,-297445.096,0.409,30,1.191,0,9.95
"1631","Sm2_12","Sm","S2",22935.304,-297445.096,0.409,31,1.091,0,9.81666666666667
"171","Zn3_0","Zn","S3",22606.589,-296418.715,-1.436,1,3.036,0,42.0333333333333
"172","Zn3_0","Zn","S3",22606.589,-296418.715,-1.436,2,2.936,0,45.6666666666667
"173","Zn3_0","Zn","S3",22606.589,-296418.715,-1.436,3,2.736,0.136,48
"174","Zn3_0","Zn","S3",22606.589,-296418.715,-1.436,4,2.536,0.236576063419091,48
"175","Zn3_0","Zn","S3",22606.589,-296418.715,-1.436,5,2.336,0.436,48
"176","Zn3_0","Zn","S3",22606.589,-296418.715,-1.436,6,2.236,0.636,48
"177","Zn3_0","Zn","S3",22606.589,-296418.715,-1.436,7,2.336,0.636,48
"178","Zn3_0","Zn","S3",22606.589,-296418.715,-1.436,8,2.536,0.536,48
"179","Zn3_0","Zn","S3",22606.589,-296418.715,-1.436,9,2.53596139910633,0.336,48
"1710","Zn3_0","Zn","S3",22606.589,-296418.715,-1.436,10,2.636,0.136,48
"1711","Zn3_0","Zn","S3",22606.589,-296418.715,-1.436,11,2.836,0.036,48
"1712","Zn3_0","Zn","S3",22606.589,-296418.715,-1.436,12,2.936,0,43.3
"1713","Zn3_0","Zn","S3",22606.589,-296418.715,-1.436,13,2.936,0,43.3333333333333
"1714","Zn3_0","Zn","S3",22606.589,-296418.715,-1.436,14,2.936,0.036,48
"1715","Zn3_0","Zn","S3",22606.589,-296418.715,-1.436,15,2.836,0.136,48
"1716","Zn3_0","Zn","S3",22606.589,-296418.715,-1.436,16,2.636,0.236,48
"1717","Zn3_0","Zn","S3",22606.589,-296418.715,-1.436,17,2.436,0.436,48
"1718","Zn3_0","Zn","S3",22606.589,-296418.715,-1.436,18,2.336,0.492137416426436,48
"1719","Zn3_0","Zn","S3",22606.589,-296418.715,-1.436,19,2.136,0.636217870775852,39.3
"1720","Zn3_0","Zn","S3",22606.589,-296418.715,-1.436,20,1.936,0.836,24
"1721","Zn3_0","Zn","S3",22606.589,-296418.715,-1.436,21,1.936,0.936,24
"1722","Zn3_0","Zn","S3",22606.589,-296418.715,-1.436,22,2.036,0.936,24
"1723","Zn3_0","Zn","S3",22606.589,-296418.715,-1.436,23,2.236,0.736,24
"1724","Zn3_0","Zn","S3",22606.589,-296418.715,-1.436,24,2.40312072946229,0.536,24
"1725","Zn3_0","Zn","S3",22606.589,-296418.715,-1.436,25,2.436,0.336,24
"1726","Zn3_0","Zn","S3",22606.589,-296418.715,-1.436,26,2.636,0.036,24
"1727","Zn3_0","Zn","S3",22606.589,-296418.715,-1.436,27,2.836,0,21
"1728","Zn3_0","Zn","S3",22606.589,-296418.715,-1.436,28,3.036,0,19.4833333333333
"1729","Zn3_0","Zn","S3",22606.589,-296418.715,-1.436,29,3.136,0,19.5166666666667
"1730","Zn3_0","Zn","S3",22606.589,-296418.715,-1.436,30,3.036,0,19.4333333333333
"1731","Zn3_0","Zn","S3",22606.589,-296418.715,-1.436,31,2.936,0,20.9666666666667
"181","Zn3_5","Zn","S3",22601.8115,-296417.462,-1.3145,1,2.9145,0,39.1666666666667
"182","Zn3_5","Zn","S3",22601.8115,-296417.462,-1.3145,2,2.8145,0,41.1666666666667
"183","Zn3_5","Zn","S3",22601.8115,-296417.462,-1.3145,3,2.6145,0.0145000000000002,48
"184","Zn3_5","Zn","S3",22601.8115,-296417.462,-1.3145,4,2.4145,0.115076063419091,48
"185","Zn3_5","Zn","S3",22601.8115,-296417.462,-1.3145,5,2.2145,0.3145,48
"186","Zn3_5","Zn","S3",22601.8115,-296417.462,-1.3145,6,2.1145,0.5145,48
"187","Zn3_5","Zn","S3",22601.8115,-296417.462,-1.3145,7,2.2145,0.5145,48
"188","Zn3_5","Zn","S3",22601.8115,-296417.462,-1.3145,8,2.4145,0.4145,48
"189","Zn3_5","Zn","S3",22601.8115,-296417.462,-1.3145,9,2.41446139910633,0.2145,48
"1810","Zn3_5","Zn","S3",22601.8115,-296417.462,-1.3145,10,2.5145,0.0145000000000002,48
"1811","Zn3_5","Zn","S3",22601.8115,-296417.462,-1.3145,11,2.7145,0,42.4666666666667
"1812","Zn3_5","Zn","S3",22601.8115,-296417.462,-1.3145,12,2.8145,0,40
"1813","Zn3_5","Zn","S3",22601.8115,-296417.462,-1.3145,13,2.8145,0,40
"1814","Zn3_5","Zn","S3",22601.8115,-296417.462,-1.3145,14,2.8145,0,42.5
"1815","Zn3_5","Zn","S3",22601.8115,-296417.462,-1.3145,15,2.7145,0.0145000000000002,48
"1816","Zn3_5","Zn","S3",22601.8115,-296417.462,-1.3145,16,2.5145,0.1145,48
"1817","Zn3_5","Zn","S3",22601.8115,-296417.462,-1.3145,17,2.3145,0.3145,48
"1818","Zn3_5","Zn","S3",22601.8115,-296417.462,-1.3145,18,2.2145,0.370637416426437,48
"1819","Zn3_5","Zn","S3",22601.8115,-296417.462,-1.3145,19,2.0145,0.514717870775852,39.3
"1820","Zn3_5","Zn","S3",22601.8115,-296417.462,-1.3145,20,1.8145,0.7145,24
"1821","Zn3_5","Zn","S3",22601.8115,-296417.462,-1.3145,21,1.8145,0.8145,24
"1822","Zn3_5","Zn","S3",22601.8115,-296417.462,-1.3145,22,1.9145,0.8145,24
"1823","Zn3_5","Zn","S3",22601.8115,-296417.462,-1.3145,23,2.1145,0.6145,24
"1824","Zn3_5","Zn","S3",22601.8115,-296417.462,-1.3145,24,2.28162072946229,0.4145,24
"1825","Zn3_5","Zn","S3",22601.8115,-296417.462,-1.3145,25,2.3145,0.2145,24
"1826","Zn3_5","Zn","S3",22601.8115,-296417.462,-1.3145,26,2.5145,0,22.5833333333333
"1827","Zn3_5","Zn","S3",22601.8115,-296417.462,-1.3145,27,2.7145,0,19.5666666666667
"1828","Zn3_5","Zn","S3",22601.8115,-296417.462,-1.3145,28,2.9145,0,18.5
"1829","Zn3_5","Zn","S3",22601.8115,-296417.462,-1.3145,29,3.0145,0,18.5166666666667
"1830","Zn3_5","Zn","S3",22601.8115,-296417.462,-1.3145,30,2.9145,0,18.45
"1831","Zn3_5","Zn","S3",22601.8115,-296417.462,-1.3145,31,2.8145,0,19.5333333333333
"191","Zn3_10","Zn","S3",22597.034,-296416.209,-1.193,1,2.793,0,37
"192","Zn3_10","Zn","S3",22597.034,-296416.209,-1.193,2,2.693,0,39
"193","Zn3_10","Zn","S3",22597.034,-296416.209,-1.193,3,2.493,0,43.5666666666667
"194","Zn3_10","Zn","S3",22597.034,-296416.209,-1.193,4,2.293,0,47.6666666666667
"195","Zn3_10","Zn","S3",22597.034,-296416.209,-1.193,5,2.093,0.193,48
"196","Zn3_10","Zn","S3",22597.034,-296416.209,-1.193,6,1.993,0.393,48
"197","Zn3_10","Zn","S3",22597.034,-296416.209,-1.193,7,2.093,0.393,48
"198","Zn3_10","Zn","S3",22597.034,-296416.209,-1.193,8,2.293,0.293,48
"199","Zn3_10","Zn","S3",22597.034,-296416.209,-1.193,9,2.29296139910633,0.0930000000000002,48
"1910","Zn3_10","Zn","S3",22597.034,-296416.209,-1.193,10,2.393,0,43.8666666666667
"1911","Zn3_10","Zn","S3",22597.034,-296416.209,-1.193,11,2.593,0,39.3
"1912","Zn3_10","Zn","S3",22597.034,-296416.209,-1.193,12,2.693,0,37.6
"1913","Zn3_10","Zn","S3",22597.034,-296416.209,-1.193,13,2.693,0,37.6333333333333
"1914","Zn3_10","Zn","S3",22597.034,-296416.209,-1.193,14,2.693,0,39.3333333333333
"1915","Zn3_10","Zn","S3",22597.034,-296416.209,-1.193,15,2.593,0,41.5333333333333
"1916","Zn3_10","Zn","S3",22597.034,-296416.209,-1.193,16,2.393,0,47.1666666666667
"1917","Zn3_10","Zn","S3",22597.034,-296416.209,-1.193,17,2.193,0.193,48
"1918","Zn3_10","Zn","S3",22597.034,-296416.209,-1.193,18,2.093,0.249137416426437,48
"1919","Zn3_10","Zn","S3",22597.034,-296416.209,-1.193,19,1.893,0.393217870775852,39.3
"1920","Zn3_10","Zn","S3",22597.034,-296416.209,-1.193,20,1.693,0.593,24
"1921","Zn3_10","Zn","S3",22597.034,-296416.209,-1.193,21,1.693,0.693,24
"1922","Zn3_10","Zn","S3",22597.034,-296416.209,-1.193,22,1.793,0.693,24
"1923","Zn3_10","Zn","S3",22597.034,-296416.209,-1.193,23,1.993,0.493,24
"1924","Zn3_10","Zn","S3",22597.034,-296416.209,-1.193,24,2.16012072946229,0.293,24
"1925","Zn3_10","Zn","S3",22597.034,-296416.209,-1.193,25,2.193,0.0930000000000002,24
"1926","Zn3_10","Zn","S3",22597.034,-296416.209,-1.193,26,2.393,0,20.15
"1927","Zn3_10","Zn","S3",22597.034,-296416.209,-1.193,27,2.593,0,18.4833333333333
"1928","Zn3_10","Zn","S3",22597.034,-296416.209,-1.193,28,2.793,0,17.6333333333333
"1929","Zn3_10","Zn","S3",22597.034,-296416.209,-1.193,29,2.893,0,17.6833333333333
"1930","Zn3_10","Zn","S3",22597.034,-296416.209,-1.193,30,2.793,0,17.6
"1931","Zn3_10","Zn","S3",22597.034,-296416.209,-1.193,31,2.693,0,18.6833333333333
"201","Zn3_15","Zn","S3",22592.356,-296414.77,-0.989,1,2.589,0,34.4333333333333
"202","Zn3_15","Zn","S3",22592.356,-296414.77,-0.989,2,2.489,0,36.1
"203","Zn3_15","Zn","S3",22592.356,-296414.77,-0.989,3,2.289,0,38.4
"204","Zn3_15","Zn","S3",22592.356,-296414.77,-0.989,4,2.089,0,41.9
"205","Zn3_15","Zn","S3",22592.356,-296414.77,-0.989,5,1.889,0,46.8
"206","Zn3_15","Zn","S3",22592.356,-296414.77,-0.989,6,1.789,0.189,48
"207","Zn3_15","Zn","S3",22592.356,-296414.77,-0.989,7,1.889,0.189,48
"208","Zn3_15","Zn","S3",22592.356,-296414.77,-0.989,8,2.089,0.089,48
"209","Zn3_15","Zn","S3",22592.356,-296414.77,-0.989,9,2.08896139910633,0,40.7666666666667
"2010","Zn3_15","Zn","S3",22592.356,-296414.77,-0.989,10,2.189,0,37.6666666666667
"2011","Zn3_15","Zn","S3",22592.356,-296414.77,-0.989,11,2.389,0,35.5666666666667
"2012","Zn3_15","Zn","S3",22592.356,-296414.77,-0.989,12,2.489,0,34.4
"2013","Zn3_15","Zn","S3",22592.356,-296414.77,-0.989,13,2.489,0,34.4333333333333
"2014","Zn3_15","Zn","S3",22592.356,-296414.77,-0.989,14,2.489,0,35.6666666666667
"2015","Zn3_15","Zn","S3",22592.356,-296414.77,-0.989,15,2.389,0,36.8666666666667
"2016","Zn3_15","Zn","S3",22592.356,-296414.77,-0.989,16,2.189,0,39.6666666666667
"2017","Zn3_15","Zn","S3",22592.356,-296414.77,-0.989,17,1.989,0,45.6666666666667
"2018","Zn3_15","Zn","S3",22592.356,-296414.77,-0.989,18,1.889,0.0451374164264365,48
"2019","Zn3_15","Zn","S3",22592.356,-296414.77,-0.989,19,1.689,0.189217870775852,39.3
"2020","Zn3_15","Zn","S3",22592.356,-296414.77,-0.989,20,1.489,0.389,24
"2021","Zn3_15","Zn","S3",22592.356,-296414.77,-0.989,21,1.489,0.489,24
"2022","Zn3_15","Zn","S3",22592.356,-296414.77,-0.989,22,1.589,0.489,24
"2023","Zn3_15","Zn","S3",22592.356,-296414.77,-0.989,23,1.789,0.289,24
"2024","Zn3_15","Zn","S3",22592.356,-296414.77,-0.989,24,1.95612072946229,0.089,24
"2025","Zn3_15","Zn","S3",22592.356,-296414.77,-0.989,25,1.989,0,20.3833333333333
"2026","Zn3_15","Zn","S3",22592.356,-296414.77,-0.989,26,2.189,0,18
"2027","Zn3_15","Zn","S3",22592.356,-296414.77,-0.989,27,2.389,0,16.9833333333333
"2028","Zn3_15","Zn","S3",22592.356,-296414.77,-0.989,28,2.589,0,16.3833333333333
"2029","Zn3_15","Zn","S3",22592.356,-296414.77,-0.989,29,2.689,0,16.4333333333333
"2030","Zn3_15","Zn","S3",22592.356,-296414.77,-0.989,30,2.589,0,16.4833333333333
"2031","Zn3_15","Zn","S3",22592.356,-296414.77,-0.989,31,2.489,0,17.4166666666667
"2110","Zn3_20","Zn","S3",22587.53,-296413.356,-0.875,1,2.475,0,33.3666666666667
"2111","Zn3_20","Zn","S3",22587.53,-296413.356,-0.875,2,2.375,0,34.5
"2112","Zn3_20","Zn","S3",22587.53,-296413.356,-0.875,3,2.175,0,36.3666666666667
"2113","Zn3_20","Zn","S3",22587.53,-296413.356,-0.875,4,1.975,0,39.5333333333333
"2114","Zn3_20","Zn","S3",22587.53,-296413.356,-0.875,5,1.775,0,44
"2115","Zn3_20","Zn","S3",22587.53,-296413.356,-0.875,6,1.675,0.075,48
"2116","Zn3_20","Zn","S3",22587.53,-296413.356,-0.875,7,1.775,0.075,48
"2117","Zn3_20","Zn","S3",22587.53,-296413.356,-0.875,8,1.975,0,44.2666666666667
"2118","Zn3_20","Zn","S3",22587.53,-296413.356,-0.875,9,1.97496139910633,0,37.6
"2119","Zn3_20","Zn","S3",22587.53,-296413.356,-0.875,10,2.075,0,35.4666666666667
"2120","Zn3_20","Zn","S3",22587.53,-296413.356,-0.875,11,2.275,0,33.8666666666667
"2121","Zn3_20","Zn","S3",22587.53,-296413.356,-0.875,12,2.375,0,32.8666666666667
"2122","Zn3_20","Zn","S3",22587.53,-296413.356,-0.875,13,2.375,0,32.8666666666667
"2123","Zn3_20","Zn","S3",22587.53,-296413.356,-0.875,14,2.375,0,33.9
"2124","Zn3_20","Zn","S3",22587.53,-296413.356,-0.875,15,2.275,0,34.8666666666667
"2125","Zn3_20","Zn","S3",22587.53,-296413.356,-0.875,16,2.075,0,37.1
"2126","Zn3_20","Zn","S3",22587.53,-296413.356,-0.875,17,1.875,0,40.5666666666667
"2127","Zn3_20","Zn","S3",22587.53,-296413.356,-0.875,18,1.775,0,45.3666666666667
"2128","Zn3_20","Zn","S3",22587.53,-296413.356,-0.875,19,1.575,0.0752178707758521,39.3
"2129","Zn3_20","Zn","S3",22587.53,-296413.356,-0.875,20,1.375,0.275,24
"2130","Zn3_20","Zn","S3",22587.53,-296413.356,-0.875,21,1.375,0.375,24
"2131","Zn3_20","Zn","S3",22587.53,-296413.356,-0.875,22,1.475,0.375,24
"2132","Zn3_20","Zn","S3",22587.53,-296413.356,-0.875,23,1.675,0.175,24
"2133","Zn3_20","Zn","S3",22587.53,-296413.356,-0.875,24,1.84212072946229,0,22.1166666666667
"2134","Zn3_20","Zn","S3",22587.53,-296413.356,-0.875,25,1.875,0,18.8166666666667
"2135","Zn3_20","Zn","S3",22587.53,-296413.356,-0.875,26,2.075,0,17.0833333333333
"2136","Zn3_20","Zn","S3",22587.53,-296413.356,-0.875,27,2.275,0,16.25
"2137","Zn3_20","Zn","S3",22587.53,-296413.356,-0.875,28,2.475,0,15.75
"2138","Zn3_20","Zn","S3",22587.53,-296413.356,-0.875,29,2.575,0,15.8
"2139","Zn3_20","Zn","S3",22587.53,-296413.356,-0.875,30,2.475,0,16
"2140","Zn3_20","Zn","S3",22587.53,-296413.356,-0.875,31,2.375,0,16.7166666666667
"2210","Zn3_25","Zn","S3",22582.652,-296411.907,-0.729,1,2.329,0,32
"2211","Zn3_25","Zn","S3",22582.652,-296411.907,-0.729,2,2.229,0,32.6
"2212","Zn3_25","Zn","S3",22582.652,-296411.907,-0.729,3,2.029,0,34.0666666666667
"2213","Zn3_25","Zn","S3",22582.652,-296411.907,-0.729,4,1.829,0,36.3333333333333
"2214","Zn3_25","Zn","S3",22582.652,-296411.907,-0.729,5,1.629,0,39.5666666666667
"2215","Zn3_25","Zn","S3",22582.652,-296411.907,-0.729,6,1.529,0,44.5666666666667
"2216","Zn3_25","Zn","S3",22582.652,-296411.907,-0.729,7,1.629,0,44.5
"2217","Zn3_25","Zn","S3",22582.652,-296411.907,-0.729,8,1.829,0,38.1333333333333
"2218","Zn3_25","Zn","S3",22582.652,-296411.907,-0.729,9,1.82896139910633,0,34.4666666666667
"2219","Zn3_25","Zn","S3",22582.652,-296411.907,-0.729,10,1.929,0,33.0333333333333
"2220","Zn3_25","Zn","S3",22582.652,-296411.907,-0.729,11,2.129,0,31.8666666666667
"2221","Zn3_25","Zn","S3",22582.652,-296411.907,-0.729,12,2.229,0,31
"2222","Zn3_25","Zn","S3",22582.652,-296411.907,-0.729,13,2.229,0,31.0333333333333
"2223","Zn3_25","Zn","S3",22582.652,-296411.907,-0.729,14,2.229,0,31.9333333333333
"2224","Zn3_25","Zn","S3",22582.652,-296411.907,-0.729,15,2.129,0,33.0666666666667
"2225","Zn3_25","Zn","S3",22582.652,-296411.907,-0.729,16,1.929,0,34.5666666666667
"2226","Zn3_25","Zn","S3",22582.652,-296411.907,-0.729,17,1.729,0,36.8666666666667
"2227","Zn3_25","Zn","S3",22582.652,-296411.907,-0.729,18,1.629,0,39.5333333333333
"2228","Zn3_25","Zn","S3",22582.652,-296411.907,-0.729,19,1.429,0,37.5666666666667
"2229","Zn3_25","Zn","S3",22582.652,-296411.907,-0.729,20,1.229,0.129,24
"2230","Zn3_25","Zn","S3",22582.652,-296411.907,-0.729,21,1.229,0.229,24
"2231","Zn3_25","Zn","S3",22582.652,-296411.907,-0.729,22,1.329,0.229,24
"2232","Zn3_25","Zn","S3",22582.652,-296411.907,-0.729,23,1.529,0.0289999999999999,24
"2233","Zn3_25","Zn","S3",22582.652,-296411.907,-0.729,24,1.69612072946229,0,18.9833333333333
"2234","Zn3_25","Zn","S3",22582.652,-296411.907,-0.729,25,1.729,0,17.25
"2235","Zn3_25","Zn","S3",22582.652,-296411.907,-0.729,26,1.929,0,15.9833333333333
"2236","Zn3_25","Zn","S3",22582.652,-296411.907,-0.729,27,2.129,0,15.35
"2237","Zn3_25","Zn","S3",22582.652,-296411.907,-0.729,28,2.329,0,14.9666666666667
"2238","Zn3_25","Zn","S3",22582.652,-296411.907,-0.729,29,2.429,0,15.0166666666667
"2239","Zn3_25","Zn","S3",22582.652,-296411.907,-0.729,30,2.329,0,15.4333333333333
"2240","Zn3_25","Zn","S3",22582.652,-296411.907,-0.729,31,2.229,0,15.85
"2310","Zn3_30","Zn","S3",22577.854,-296410.77,-0.596,1,2.196,0,30.5333333333333
"2311","Zn3_30","Zn","S3",22577.854,-296410.77,-0.596,2,2.096,0,31
"2312","Zn3_30","Zn","S3",22577.854,-296410.77,-0.596,3,1.896,0,32.1333333333333
"2313","Zn3_30","Zn","S3",22577.854,-296410.77,-0.596,4,1.696,0,33.8666666666667
"2314","Zn3_30","Zn","S3",22577.854,-296410.77,-0.596,5,1.496,0,36.3666666666667
"2315","Zn3_30","Zn","S3",22577.854,-296410.77,-0.596,6,1.396,0,37.8
"2316","Zn3_30","Zn","S3",22577.854,-296410.77,-0.596,7,1.496,0,37.7
"2317","Zn3_30","Zn","S3",22577.854,-296410.77,-0.596,8,1.696,0,34.6666666666667
"2318","Zn3_30","Zn","S3",22577.854,-296410.77,-0.596,9,1.69596139910633,0,32.0666666666667
"2319","Zn3_30","Zn","S3",22577.854,-296410.77,-0.596,10,1.796,0,31.1
"2320","Zn3_30","Zn","S3",22577.854,-296410.77,-0.596,11,1.996,0,30.1333333333333
"2321","Zn3_30","Zn","S3",22577.854,-296410.77,-0.596,12,2.096,0,29.4
"2322","Zn3_30","Zn","S3",22577.854,-296410.77,-0.596,13,2.096,0,29.4333333333333
"2323","Zn3_30","Zn","S3",22577.854,-296410.77,-0.596,14,2.096,0,30.2333333333333
"2324","Zn3_30","Zn","S3",22577.854,-296410.77,-0.596,15,1.996,0,31.7
"2325","Zn3_30","Zn","S3",22577.854,-296410.77,-0.596,16,1.796,0,32.4666666666667
"2326","Zn3_30","Zn","S3",22577.854,-296410.77,-0.596,17,1.596,0,34.2
"2327","Zn3_30","Zn","S3",22577.854,-296410.77,-0.596,18,1.496,0,35.8666666666667
"2328","Zn3_30","Zn","S3",22577.854,-296410.77,-0.596,19,1.296,0,31.8666666666667
"2329","Zn3_30","Zn","S3",22577.854,-296410.77,-0.596,20,1.096,0,23.5333333333333
"2330","Zn3_30","Zn","S3",22577.854,-296410.77,-0.596,21,1.096,0.096,24
"2331","Zn3_30","Zn","S3",22577.854,-296410.77,-0.596,22,1.196,0.096,24
"2332","Zn3_30","Zn","S3",22577.854,-296410.77,-0.596,23,1.396,0,19.5166666666667
"2333","Zn3_30","Zn","S3",22577.854,-296410.77,-0.596,24,1.56312072946229,0,17.2166666666667
"2334","Zn3_30","Zn","S3",22577.854,-296410.77,-0.596,25,1.596,0,16.05
"2335","Zn3_30","Zn","S3",22577.854,-296410.77,-0.596,26,1.796,0,15.0833333333333
"2336","Zn3_30","Zn","S3",22577.854,-296410.77,-0.596,27,1.996,0,14.6
"2337","Zn3_30","Zn","S3",22577.854,-296410.77,-0.596,28,2.196,0,14.2666666666667
"2338","Zn3_30","Zn","S3",22577.854,-296410.77,-0.596,29,2.296,0,14.3333333333333
"2339","Zn3_30","Zn","S3",22577.854,-296410.77,-0.596,30,2.196,0,14.9166666666667
"2340","Zn3_30","Zn","S3",22577.854,-296410.77,-0.596,31,2.096,0,15.1
"241","Zn3_35","Zn","S3",22572.855,-296409.262,-0.473,1,2.073,0,29.2
"242","Zn3_35","Zn","S3",22572.855,-296409.262,-0.473,2,1.973,0,29.5666666666667
"243","Zn3_35","Zn","S3",22572.855,-296409.262,-0.473,3,1.773,0,30.4666666666667
"244","Zn3_35","Zn","S3",22572.855,-296409.262,-0.473,4,1.573,0,31.8
"245","Zn3_35","Zn","S3",22572.855,-296409.262,-0.473,5,1.373,0,34.1
"246","Zn3_35","Zn","S3",22572.855,-296409.262,-0.473,6,1.273,0,33.9333333333333
"247","Zn3_35","Zn","S3",22572.855,-296409.262,-0.473,7,1.373,0,33.8666666666667
"248","Zn3_35","Zn","S3",22572.855,-296409.262,-0.473,8,1.573,0,31.9666666666667
"249","Zn3_35","Zn","S3",22572.855,-296409.262,-0.473,9,1.57296139910633,0,30.0333333333333
"2410","Zn3_35","Zn","S3",22572.855,-296409.262,-0.473,10,1.673,0,29.3333333333333
"2411","Zn3_35","Zn","S3",22572.855,-296409.262,-0.473,11,1.873,0,28.6
"2412","Zn3_35","Zn","S3",22572.855,-296409.262,-0.473,12,1.973,0,28
"2413","Zn3_35","Zn","S3",22572.855,-296409.262,-0.473,13,1.973,0,28.0333333333333
"2414","Zn3_35","Zn","S3",22572.855,-296409.262,-0.473,14,1.973,0,29.1
"2415","Zn3_35","Zn","S3",22572.855,-296409.262,-0.473,15,1.873,0,30.1
"2416","Zn3_35","Zn","S3",22572.855,-296409.262,-0.473,16,1.673,0,30.6333333333333
"2417","Zn3_35","Zn","S3",22572.855,-296409.262,-0.473,17,1.473,0,31.9333333333333
"2418","Zn3_35","Zn","S3",22572.855,-296409.262,-0.473,18,1.373,0,33.1
"2419","Zn3_35","Zn","S3",22572.855,-296409.262,-0.473,19,1.173,0,28.4333333333333
"2420","Zn3_35","Zn","S3",22572.855,-296409.262,-0.473,20,0.973,0,20.3833333333333
"2421","Zn3_35","Zn","S3",22572.855,-296409.262,-0.473,21,0.973,0,22.6166666666667
"2422","Zn3_35","Zn","S3",22572.855,-296409.262,-0.473,22,1.073,0,21.3833333333333
"2423","Zn3_35","Zn","S3",22572.855,-296409.262,-0.473,23,1.273,0,17.2833333333333
"2424","Zn3_35","Zn","S3",22572.855,-296409.262,-0.473,24,1.44012072946229,0,15.85
"2425","Zn3_35","Zn","S3",22572.855,-296409.262,-0.473,25,1.473,0,15.0333333333333
"2426","Zn3_35","Zn","S3",22572.855,-296409.262,-0.473,26,1.673,0,14.25
"2427","Zn3_35","Zn","S3",22572.855,-296409.262,-0.473,27,1.873,0,13.9166666666667
"2428","Zn3_35","Zn","S3",22572.855,-296409.262,-0.473,28,2.073,0,13.65
"2429","Zn3_35","Zn","S3",22572.855,-296409.262,-0.473,29,2.173,0,13.9166666666667
"2430","Zn3_35","Zn","S3",22572.855,-296409.262,-0.473,30,2.073,0,14.2833333333333
"2431","Zn3_35","Zn","S3",22572.855,-296409.262,-0.473,31,1.973,0,14.4333333333333
"251","Zn3_40","Zn","S3",22567.989,-296408.042,-0.301,1,1.901,0,27.3666666666667
"252","Zn3_40","Zn","S3",22567.989,-296408.042,-0.301,2,1.801,0,27.6
"253","Zn3_40","Zn","S3",22567.989,-296408.042,-0.301,3,1.601,0,28.2666666666667
"254","Zn3_40","Zn","S3",22567.989,-296408.042,-0.301,4,1.401,0,29.1
"255","Zn3_40","Zn","S3",22567.989,-296408.042,-0.301,5,1.201,0,31.1333333333333
"256","Zn3_40","Zn","S3",22567.989,-296408.042,-0.301,6,1.101,0,29.8666666666667
"257","Zn3_40","Zn","S3",22567.989,-296408.042,-0.301,7,1.201,0,29.5
"258","Zn3_40","Zn","S3",22567.989,-296408.042,-0.301,8,1.401,0,28.6333333333333
"259","Zn3_40","Zn","S3",22567.989,-296408.042,-0.301,9,1.40096139910633,0,27.3333333333333
"2510","Zn3_40","Zn","S3",22567.989,-296408.042,-0.301,10,1.501,0,27.0666666666667
"2511","Zn3_40","Zn","S3",22567.989,-296408.042,-0.301,11,1.701,0,26.6
"2512","Zn3_40","Zn","S3",22567.989,-296408.042,-0.301,12,1.801,0,26.0666666666667
"2513","Zn3_40","Zn","S3",22567.989,-296408.042,-0.301,13,1.801,0,26.1
"2514","Zn3_40","Zn","S3",22567.989,-296408.042,-0.301,14,1.801,0,27.6
"2515","Zn3_40","Zn","S3",22567.989,-296408.042,-0.301,15,1.701,0,27.9666666666667
"2516","Zn3_40","Zn","S3",22567.989,-296408.042,-0.301,16,1.501,0,28.2333333333333
"2517","Zn3_40","Zn","S3",22567.989,-296408.042,-0.301,17,1.301,0,29.1
"2518","Zn3_40","Zn","S3",22567.989,-296408.042,-0.301,18,1.201,0,29.6666666666667
"2519","Zn3_40","Zn","S3",22567.989,-296408.042,-0.301,19,1.001,0,24.3166666666667
"2520","Zn3_40","Zn","S3",22567.989,-296408.042,-0.301,20,0.801,0,17.1333333333333
"2521","Zn3_40","Zn","S3",22567.989,-296408.042,-0.301,21,0.801,0,17.3
"2522","Zn3_40","Zn","S3",22567.989,-296408.042,-0.301,22,0.901,0,16.65
"2523","Zn3_40","Zn","S3",22567.989,-296408.042,-0.301,23,1.101,0,14.8666666666667
"2524","Zn3_40","Zn","S3",22567.989,-296408.042,-0.301,24,1.26812072946229,0,14.15
"2525","Zn3_40","Zn","S3",22567.989,-296408.042,-0.301,25,1.301,0,13.7
"2526","Zn3_40","Zn","S3",22567.989,-296408.042,-0.301,26,1.501,0,13.2
"2527","Zn3_40","Zn","S3",22567.989,-296408.042,-0.301,27,1.701,0,12.9833333333333
"2528","Zn3_40","Zn","S3",22567.989,-296408.042,-0.301,28,1.901,0,12.8166666666667
"2529","Zn3_40","Zn","S3",22567.989,-296408.042,-0.301,29,2.001,0,13.2833333333333
"2530","Zn3_40","Zn","S3",22567.989,-296408.042,-0.301,30,1.901,0,13.45
"2531","Zn3_40","Zn","S3",22567.989,-296408.042,-0.301,31,1.801,0,13.5333333333333
"261","Zn3_45","Zn","S3",22563.225,-296406.677,-0.155,1,1.755,0,25.8666666666667
"262","Zn3_45","Zn","S3",22563.225,-296406.677,-0.155,2,1.655,0,25.9666666666667
"263","Zn3_45","Zn","S3",22563.225,-296406.677,-0.155,3,1.455,0,26.4
"264","Zn3_45","Zn","S3",22563.225,-296406.677,-0.155,4,1.255,0,26.9
"265","Zn3_45","Zn","S3",22563.225,-296406.677,-0.155,5,1.055,0,28.2333333333333
"266","Zn3_45","Zn","S3",22563.225,-296406.677,-0.155,6,0.955,0,27.3666666666667
"267","Zn3_45","Zn","S3",22563.225,-296406.677,-0.155,7,1.055,0,26.2
"268","Zn3_45","Zn","S3",22563.225,-296406.677,-0.155,8,1.255,0,26
"269","Zn3_45","Zn","S3",22563.225,-296406.677,-0.155,9,1.25496139910633,0,25.1666666666667
"2610","Zn3_45","Zn","S3",22563.225,-296406.677,-0.155,10,1.355,0,25.2
"2611","Zn3_45","Zn","S3",22563.225,-296406.677,-0.155,11,1.555,0,24.9
"2612","Zn3_45","Zn","S3",22563.225,-296406.677,-0.155,12,1.655,0,24.4666666666667
"2613","Zn3_45","Zn","S3",22563.225,-296406.677,-0.155,13,1.655,0,24.8
"2614","Zn3_45","Zn","S3",22563.225,-296406.677,-0.155,14,1.655,0,26.1
"2615","Zn3_45","Zn","S3",22563.225,-296406.677,-0.155,15,1.555,0,26.2
"2616","Zn3_45","Zn","S3",22563.225,-296406.677,-0.155,16,1.355,0,26.2333333333333
"2617","Zn3_45","Zn","S3",22563.225,-296406.677,-0.155,17,1.155,0,26.7666666666667
"2618","Zn3_45","Zn","S3",22563.225,-296406.677,-0.155,18,1.055,0,27
"2619","Zn3_45","Zn","S3",22563.225,-296406.677,-0.155,19,0.855,0,21.25
"2620","Zn3_45","Zn","S3",22563.225,-296406.677,-0.155,20,0.655,0,14.95
"2621","Zn3_45","Zn","S3",22563.225,-296406.677,-0.155,21,0.655,0,14.4
"2622","Zn3_45","Zn","S3",22563.225,-296406.677,-0.155,22,0.755,0,14.05
"2623","Zn3_45","Zn","S3",22563.225,-296406.677,-0.155,23,0.955,0,13.0333333333333
"2624","Zn3_45","Zn","S3",22563.225,-296406.677,-0.155,24,1.12212072946229,0,12.7833333333333
"2625","Zn3_45","Zn","S3",22563.225,-296406.677,-0.155,25,1.155,0,12.6
"2626","Zn3_45","Zn","S3",22563.225,-296406.677,-0.155,26,1.355,0,12.3
"2627","Zn3_45","Zn","S3",22563.225,-296406.677,-0.155,27,1.555,0,12.2
"2628","Zn3_45","Zn","S3",22563.225,-296406.677,-0.155,28,1.755,0,12.1
"2629","Zn3_45","Zn","S3",22563.225,-296406.677,-0.155,29,1.855,0,12.7666666666667
"2630","Zn3_45","Zn","S3",22563.225,-296406.677,-0.155,30,1.755,0,12.7333333333333
"2631","Zn3_45","Zn","S3",22563.225,-296406.677,-0.155,31,1.655,0,12.7833333333333
"271","Zn3_50","Zn","S3",22558.372,-296405.172,-0.036,1,1.636,0,24.6666666666667
"272","Zn3_50","Zn","S3",22558.372,-296405.172,-0.036,2,1.536,0,24.7
"273","Zn3_50","Zn","S3",22558.372,-296405.172,-0.036,3,1.336,0,24.9333333333333
"274","Zn3_50","Zn","S3",22558.372,-296405.172,-0.036,4,1.136,0,25.1
"275","Zn3_50","Zn","S3",22558.372,-296405.172,-0.036,5,0.936,0,25.9333333333333
"276","Zn3_50","Zn","S3",22558.372,-296405.172,-0.036,6,0.836,0,25.4
"277","Zn3_50","Zn","S3",22558.372,-296405.172,-0.036,7,0.936,0,23.6333333333333
"278","Zn3_50","Zn","S3",22558.372,-296405.172,-0.036,8,1.136,0,23.9333333333333
"279","Zn3_50","Zn","S3",22558.372,-296405.172,-0.036,9,1.13596139910633,0,23.4333333333333
"2710","Zn3_50","Zn","S3",22558.372,-296405.172,-0.036,10,1.236,0,23.6333333333333
"2711","Zn3_50","Zn","S3",22558.372,-296405.172,-0.036,11,1.436,0,23.5666666666667
"2712","Zn3_50","Zn","S3",22558.372,-296405.172,-0.036,12,1.536,0,23.2
"2713","Zn3_50","Zn","S3",22558.372,-296405.172,-0.036,13,1.536,0,23.8666666666667
"2714","Zn3_50","Zn","S3",22558.372,-296405.172,-0.036,14,1.536,0,24.7666666666667
"2715","Zn3_50","Zn","S3",22558.372,-296405.172,-0.036,15,1.436,0,24.8
"2716","Zn3_50","Zn","S3",22558.372,-296405.172,-0.036,16,1.236,0,24.6666666666667
"2717","Zn3_50","Zn","S3",22558.372,-296405.172,-0.036,17,1.036,0,24.9333333333333
"2718","Zn3_50","Zn","S3",22558.372,-296405.172,-0.036,18,0.936,0,24.8666666666667
"2719","Zn3_50","Zn","S3",22558.372,-296405.172,-0.036,19,0.736,0,19.0833333333333
"2720","Zn3_50","Zn","S3",22558.372,-296405.172,-0.036,20,0.536,0,13.0666666666667
"2721","Zn3_50","Zn","S3",22558.372,-296405.172,-0.036,21,0.536,0,12.65
"2722","Zn3_50","Zn","S3",22558.372,-296405.172,-0.036,22,0.636,0,12.1166666666667
"2723","Zn3_50","Zn","S3",22558.372,-296405.172,-0.036,23,0.836,0,11.6333333333333
"2724","Zn3_50","Zn","S3",22558.372,-296405.172,-0.036,24,1.00312072946229,0,11.7
"2725","Zn3_50","Zn","S3",22558.372,-296405.172,-0.036,25,1.036,0,11.7166666666667
"2726","Zn3_50","Zn","S3",22558.372,-296405.172,-0.036,26,1.236,0,11.5666666666667
"2727","Zn3_50","Zn","S3",22558.372,-296405.172,-0.036,27,1.436,0,11.5833333333333
"2728","Zn3_50","Zn","S3",22558.372,-296405.172,-0.036,28,1.636,0,11.5333333333333
"2729","Zn3_50","Zn","S3",22558.372,-296405.172,-0.036,29,1.736,0,12.35
"2730","Zn3_50","Zn","S3",22558.372,-296405.172,-0.036,30,1.636,0,12.1666666666667
"2731","Zn3_50","Zn","S3",22558.372,-296405.172,-0.036,31,1.536,0,12.15
"281","Zn3_55","Zn","S3",22553.595,-296403.829,0.013,1,1.587,0,24.1333333333333
"282","Zn3_55","Zn","S3",22553.595,-296403.829,0.013,2,1.487,0,24.1
"283","Zn3_55","Zn","S3",22553.595,-296403.829,0.013,3,1.287,0,24.3
"284","Zn3_55","Zn","S3",22553.595,-296403.829,0.013,4,1.087,0,24.3666666666667
"285","Zn3_55","Zn","S3",22553.595,-296403.829,0.013,5,0.887,0,25
"286","Zn3_55","Zn","S3",22553.595,-296403.829,0.013,6,0.787,0,24.6333333333333
"287","Zn3_55","Zn","S3",22553.595,-296403.829,0.013,7,0.887,0,22.6333333333333
"288","Zn3_55","Zn","S3",22553.595,-296403.829,0.013,8,1.087,0,23.1
"289","Zn3_55","Zn","S3",22553.595,-296403.829,0.013,9,1.08696139910633,0,22.7333333333333
"2810","Zn3_55","Zn","S3",22553.595,-296403.829,0.013,10,1.187,0,23.0666666666667
"2811","Zn3_55","Zn","S3",22553.595,-296403.829,0.013,11,1.387,0,23
"2812","Zn3_55","Zn","S3",22553.595,-296403.829,0.013,12,1.487,0,22.6666666666667
"2813","Zn3_55","Zn","S3",22553.595,-296403.829,0.013,13,1.487,0,23.5
"2814","Zn3_55","Zn","S3",22553.595,-296403.829,0.013,14,1.487,0,24.2333333333333
"2815","Zn3_55","Zn","S3",22553.595,-296403.829,0.013,15,1.387,0,24.2
"2816","Zn3_55","Zn","S3",22553.595,-296403.829,0.013,16,1.187,0,24.0333333333333
"2817","Zn3_55","Zn","S3",22553.595,-296403.829,0.013,17,0.987,0,24.2
"2818","Zn3_55","Zn","S3",22553.595,-296403.829,0.013,18,0.887,0,24
"2819","Zn3_55","Zn","S3",22553.595,-296403.829,0.013,19,0.687,0,18.25
"2820","Zn3_55","Zn","S3",22553.595,-296403.829,0.013,20,0.487,0,12.2833333333333
"2821","Zn3_55","Zn","S3",22553.595,-296403.829,0.013,21,0.487,0,11.95
"2822","Zn3_55","Zn","S3",22553.595,-296403.829,0.013,22,0.587,0,11.35
"2823","Zn3_55","Zn","S3",22553.595,-296403.829,0.013,23,0.787,0,11.05
"2824","Zn3_55","Zn","S3",22553.595,-296403.829,0.013,24,0.954120729462289,0,11.25
"2825","Zn3_55","Zn","S3",22553.595,-296403.829,0.013,25,0.987,0,11.3666666666667
"2826","Zn3_55","Zn","S3",22553.595,-296403.829,0.013,26,1.187,0,11.2833333333333
"2827","Zn3_55","Zn","S3",22553.595,-296403.829,0.013,27,1.387,0,11.3333333333333
"2828","Zn3_55","Zn","S3",22553.595,-296403.829,0.013,28,1.587,0,11.35
"2829","Zn3_55","Zn","S3",22553.595,-296403.829,0.013,29,1.687,0,12.1666666666667
"2830","Zn3_55","Zn","S3",22553.595,-296403.829,0.013,30,1.587,0,11.9166666666667
"2831","Zn3_55","Zn","S3",22553.595,-296403.829,0.013,31,1.487,0,11.9166666666667
"291","Zn3_60","Zn","S3",22548.811,-296402.119,0.16,1,1.44,0,22.6
"292","Zn3_60","Zn","S3",22548.811,-296402.119,0.16,2,1.34,0,22.5
"293","Zn3_60","Zn","S3",22548.811,-296402.119,0.16,3,1.14,0,22.4666666666667
"294","Zn3_60","Zn","S3",22548.811,-296402.119,0.16,4,0.94,0,22.2
"295","Zn3_60","Zn","S3",22548.811,-296402.119,0.16,5,0.74,0,22.2333333333333
"296","Zn3_60","Zn","S3",22548.811,-296402.119,0.16,6,0.64,0,22.2333333333333
"297","Zn3_60","Zn","S3",22548.811,-296402.119,0.16,7,0.74,0,19.4666666666667
"298","Zn3_60","Zn","S3",22548.811,-296402.119,0.16,8,0.94,0,20.5333333333333
"299","Zn3_60","Zn","S3",22548.811,-296402.119,0.16,9,0.939961399106329,0,20.5666666666667
"2910","Zn3_60","Zn","S3",22548.811,-296402.119,0.16,10,1.04,0,21.2
"2911","Zn3_60","Zn","S3",22548.811,-296402.119,0.16,11,1.24,0,21.3333333333333
"2912","Zn3_60","Zn","S3",22548.811,-296402.119,0.16,12,1.34,0,21.0666666666667
"2913","Zn3_60","Zn","S3",22548.811,-296402.119,0.16,13,1.34,0,22.2666666666667
"2914","Zn3_60","Zn","S3",22548.811,-296402.119,0.16,14,1.34,0,22.6
"2915","Zn3_60","Zn","S3",22548.811,-296402.119,0.16,15,1.24,0,22.4333333333333
"2916","Zn3_60","Zn","S3",22548.811,-296402.119,0.16,16,1.04,0,22.0333333333333
"2917","Zn3_60","Zn","S3",22548.811,-296402.119,0.16,17,0.84,0,21.8666666666667
"2918","Zn3_60","Zn","S3",22548.811,-296402.119,0.16,18,0.74,0,21.3
"2919","Zn3_60","Zn","S3",22548.811,-296402.119,0.16,19,0.54,0,15.7666666666667
"2920","Zn3_60","Zn","S3",22548.811,-296402.119,0.16,20,0.34,0,9.9
"2921","Zn3_60","Zn","S3",22548.811,-296402.119,0.16,21,0.34,0,9.78333333333333
"2922","Zn3_60","Zn","S3",22548.811,-296402.119,0.16,22,0.44,0,9
"2923","Zn3_60","Zn","S3",22548.811,-296402.119,0.16,23,0.64,0,9.26666666666667
"2924","Zn3_60","Zn","S3",22548.811,-296402.119,0.16,24,0.807120729462289,0,9.9
"2925","Zn3_60","Zn","S3",22548.811,-296402.119,0.16,25,0.84,0,10.2666666666667
"2926","Zn3_60","Zn","S3",22548.811,-296402.119,0.16,26,1.04,0,10.3833333333333
"2927","Zn3_60","Zn","S3",22548.811,-296402.119,0.16,27,1.24,0,10.55
"2928","Zn3_60","Zn","S3",22548.811,-296402.119,0.16,28,1.44,0,10.8
"2929","Zn3_60","Zn","S3",22548.811,-296402.119,0.16,29,1.54,0,11.4666666666667
"2930","Zn3_60","Zn","S3",22548.811,-296402.119,0.16,30,1.44,0,11.2
"2931","Zn3_60","Zn","S3",22548.811,-296402.119,0.16,31,1.34,0,11.1333333333333
"301","Sm3_5","Sm","S3",22544.305,-296400.676,0.341,1,1.259,0,20.7333333333333
"302","Sm3_5","Sm","S3",22544.305,-296400.676,0.341,2,1.159,0,20.5
"303","Sm3_5","Sm","S3",22544.305,-296400.676,0.341,3,0.959,0,20.2
"304","Sm3_5","Sm","S3",22544.305,-296400.676,0.341,4,0.759,0,19.4333333333333
"305","Sm3_5","Sm","S3",22544.305,-296400.676,0.341,5,0.559,0,18.6
"306","Sm3_5","Sm","S3",22544.305,-296400.676,0.341,6,0.459,0,18.8333333333333
"307","Sm3_5","Sm","S3",22544.305,-296400.676,0.341,7,0.559,0,15.7666666666667
"308","Sm3_5","Sm","S3",22544.305,-296400.676,0.341,8,0.759,0,17.2666666666667
"309","Sm3_5","Sm","S3",22544.305,-296400.676,0.341,9,0.758961399106329,0,17.8
"3010","Sm3_5","Sm","S3",22544.305,-296400.676,0.341,10,0.859,0,18.8333333333333
"3011","Sm3_5","Sm","S3",22544.305,-296400.676,0.341,11,1.059,0,19.2666666666667
"3012","Sm3_5","Sm","S3",22544.305,-296400.676,0.341,12,1.159,0,19.5666666666667
"3013","Sm3_5","Sm","S3",22544.305,-296400.676,0.341,13,1.159,0,20.3
"3014","Sm3_5","Sm","S3",22544.305,-296400.676,0.341,14,1.159,0,20.5666666666667
"3015","Sm3_5","Sm","S3",22544.305,-296400.676,0.341,15,1.059,0,20.2333333333333
"3016","Sm3_5","Sm","S3",22544.305,-296400.676,0.341,16,0.859,0,19.5666666666667
"3017","Sm3_5","Sm","S3",22544.305,-296400.676,0.341,17,0.659,0,19
"3018","Sm3_5","Sm","S3",22544.305,-296400.676,0.341,18,0.559,0,17.8333333333333
"3019","Sm3_5","Sm","S3",22544.305,-296400.676,0.341,19,0.359,0,12.5
"3020","Sm3_5","Sm","S3",22544.305,-296400.676,0.341,20,0.159,0,6.55
"3021","Sm3_5","Sm","S3",22544.305,-296400.676,0.341,21,0.159,0,5.68333333333333
"3022","Sm3_5","Sm","S3",22544.305,-296400.676,0.341,22,0.259,0,6.5
"3023","Sm3_5","Sm","S3",22544.305,-296400.676,0.341,23,0.459,0,6.9
"3024","Sm3_5","Sm","S3",22544.305,-296400.676,0.341,24,0.626120729462289,0,8.16666666666667
"3025","Sm3_5","Sm","S3",22544.305,-296400.676,0.341,25,0.659,0,8.91666666666667
"3026","Sm3_5","Sm","S3",22544.305,-296400.676,0.341,26,0.859,0,9.26666666666667
"3027","Sm3_5","Sm","S3",22544.305,-296400.676,0.341,27,1.059,0,9.6
"3028","Sm3_5","Sm","S3",22544.305,-296400.676,0.341,28,1.259,0,10.1333333333333
"3029","Sm3_5","Sm","S3",22544.305,-296400.676,0.341,29,1.359,0,10.5833333333333
"3030","Sm3_5","Sm","S3",22544.305,-296400.676,0.341,30,1.259,0,10.3166666666667
"3031","Sm3_5","Sm","S3",22544.305,-296400.676,0.341,31,1.159,0,10.1833333333333
"3110","Sm3_10","Sm","S3",22539.456,-296398.856,0.363,1,1.237,0,20.4666666666667
"3111","Sm3_10","Sm","S3",22539.456,-296398.856,0.363,2,1.137,0,20.2666666666667
"3112","Sm3_10","Sm","S3",22539.456,-296398.856,0.363,3,0.937,0,19.9
"3113","Sm3_10","Sm","S3",22539.456,-296398.856,0.363,4,0.737,0,19.0666666666667
"3114","Sm3_10","Sm","S3",22539.456,-296398.856,0.363,5,0.537,0,18.1333333333333
"3115","Sm3_10","Sm","S3",22539.456,-296398.856,0.363,6,0.437,0,18.3
"3116","Sm3_10","Sm","S3",22539.456,-296398.856,0.363,7,0.537,0,15.3333333333333
"3117","Sm3_10","Sm","S3",22539.456,-296398.856,0.363,8,0.737,0,16.9
"3118","Sm3_10","Sm","S3",22539.456,-296398.856,0.363,9,0.736961399106329,0,17.4666666666667
"3119","Sm3_10","Sm","S3",22539.456,-296398.856,0.363,10,0.837,0,18.5666666666667
"3120","Sm3_10","Sm","S3",22539.456,-296398.856,0.363,11,1.037,0,19
"3121","Sm3_10","Sm","S3",22539.456,-296398.856,0.363,12,1.137,0,19.3666666666667
"3122","Sm3_10","Sm","S3",22539.456,-296398.856,0.363,13,1.137,0,20.0333333333333
"3123","Sm3_10","Sm","S3",22539.456,-296398.856,0.363,14,1.137,0,20.3333333333333
"3124","Sm3_10","Sm","S3",22539.456,-296398.856,0.363,15,1.037,0,19.9666666666667
"3125","Sm3_10","Sm","S3",22539.456,-296398.856,0.363,16,0.837,0,19.2333333333333
"3126","Sm3_10","Sm","S3",22539.456,-296398.856,0.363,17,0.637,0,18.6
"3127","Sm3_10","Sm","S3",22539.456,-296398.856,0.363,18,0.537,0,17.4333333333333
"3128","Sm3_10","Sm","S3",22539.456,-296398.856,0.363,19,0.337,0,12.05
"3129","Sm3_10","Sm","S3",22539.456,-296398.856,0.363,20,0.137,0,6.03333333333333
"3130","Sm3_10","Sm","S3",22539.456,-296398.856,0.363,21,0.137,0,4.96666666666667
"3131","Sm3_10","Sm","S3",22539.456,-296398.856,0.363,22,0.237,0,6.16666666666667
"3132","Sm3_10","Sm","S3",22539.456,-296398.856,0.363,23,0.437,0,6.58333333333333
"3133","Sm3_10","Sm","S3",22539.456,-296398.856,0.363,24,0.604120729462289,0,7.95
"3134","Sm3_10","Sm","S3",22539.456,-296398.856,0.363,25,0.637,0,8.71666666666667
"3135","Sm3_10","Sm","S3",22539.456,-296398.856,0.363,26,0.837,0,9.11666666666667
"3136","Sm3_10","Sm","S3",22539.456,-296398.856,0.363,27,1.037,0,9.46666666666667
"3137","Sm3_10","Sm","S3",22539.456,-296398.856,0.363,28,1.237,0,10.05
"3138","Sm3_10","Sm","S3",22539.456,-296398.856,0.363,29,1.337,0,10.5
"3139","Sm3_10","Sm","S3",22539.456,-296398.856,0.363,30,1.237,0,10.1833333333333
"3140","Sm3_10","Sm","S3",22539.456,-296398.856,0.363,31,1.137,0,10.0833333333333
"3210","Sm3_15","Sm","S3",22534.859,-296397.953,0.354,1,1.246,0,20.6
"3211","Sm3_15","Sm","S3",22534.859,-296397.953,0.354,2,1.146,0,20.3666666666667
"3212","Sm3_15","Sm","S3",22534.859,-296397.953,0.354,3,0.946,0,20.0333333333333
"3213","Sm3_15","Sm","S3",22534.859,-296397.953,0.354,4,0.746,0,19.2
"3214","Sm3_15","Sm","S3",22534.859,-296397.953,0.354,5,0.546,0,18.3333333333333
"3215","Sm3_15","Sm","S3",22534.859,-296397.953,0.354,6,0.446,0,18.5
"3216","Sm3_15","Sm","S3",22534.859,-296397.953,0.354,7,0.546,0,15.5333333333333
"3217","Sm3_15","Sm","S3",22534.859,-296397.953,0.354,8,0.746,0,17.0333333333333
"3218","Sm3_15","Sm","S3",22534.859,-296397.953,0.354,9,0.745961399106329,0,17.6333333333333
"3219","Sm3_15","Sm","S3",22534.859,-296397.953,0.354,10,0.846,0,18.6666666666667
"3220","Sm3_15","Sm","S3",22534.859,-296397.953,0.354,11,1.046,0,19.1333333333333
"3221","Sm3_15","Sm","S3",22534.859,-296397.953,0.354,12,1.146,0,19.4666666666667
"3222","Sm3_15","Sm","S3",22534.859,-296397.953,0.354,13,1.146,0,20.1666666666667
"3223","Sm3_15","Sm","S3",22534.859,-296397.953,0.354,14,1.146,0,20.4
"3224","Sm3_15","Sm","S3",22534.859,-296397.953,0.354,15,1.046,0,20.1
"3225","Sm3_15","Sm","S3",22534.859,-296397.953,0.354,16,0.846,0,19.3666666666667
"3226","Sm3_15","Sm","S3",22534.859,-296397.953,0.354,17,0.646,0,18.7666666666667
"3227","Sm3_15","Sm","S3",22534.859,-296397.953,0.354,18,0.546,0,17.5666666666667
"3228","Sm3_15","Sm","S3",22534.859,-296397.953,0.354,19,0.346,0,12.2333333333333
"3229","Sm3_15","Sm","S3",22534.859,-296397.953,0.354,20,0.146,0,6.23333333333333
"3230","Sm3_15","Sm","S3",22534.859,-296397.953,0.354,21,0.146,0,5.26666666666667
"3231","Sm3_15","Sm","S3",22534.859,-296397.953,0.354,22,0.246,0,6.31666666666667
"3232","Sm3_15","Sm","S3",22534.859,-296397.953,0.354,23,0.446,0,6.71666666666667
"3233","Sm3_15","Sm","S3",22534.859,-296397.953,0.354,24,0.613120729462289,0,8.03333333333333
"3234","Sm3_15","Sm","S3",22534.859,-296397.953,0.354,25,0.646,0,8.78333333333333
"3235","Sm3_15","Sm","S3",22534.859,-296397.953,0.354,26,0.846,0,9.18333333333333
"3236","Sm3_15","Sm","S3",22534.859,-296397.953,0.354,27,1.046,0,9.53333333333333
"3237","Sm3_15","Sm","S3",22534.859,-296397.953,0.354,28,1.246,0,10.0833333333333
"3238","Sm3_15","Sm","S3",22534.859,-296397.953,0.354,29,1.346,0,10.5333333333333
"3239","Sm3_15","Sm","S3",22534.859,-296397.953,0.354,30,1.246,0,10.25
"3240","Sm3_15","Sm","S3",22534.859,-296397.953,0.354,31,1.146,0,10.1166666666667
"333","Sm3_20","Sm","S3",22529.783,-296395.904,0.244,1,1.356,0,21.7333333333333
"334","Sm3_20","Sm","S3",22529.783,-296395.904,0.244,2,1.256,0,21.6
"335","Sm3_20","Sm","S3",22529.783,-296395.904,0.244,3,1.056,0,21.4
"336","Sm3_20","Sm","S3",22529.783,-296395.904,0.244,4,0.856,0,20.9
"337","Sm3_20","Sm","S3",22529.783,-296395.904,0.244,5,0.656,0,20.5666666666667
"338","Sm3_20","Sm","S3",22529.783,-296395.904,0.244,6,0.556,0,20.8333333333333
"339","Sm3_20","Sm","S3",22529.783,-296395.904,0.244,7,0.656,0,17.6333333333333
"3310","Sm3_20","Sm","S3",22529.783,-296395.904,0.244,8,0.856,0,19.0333333333333
"3311","Sm3_20","Sm","S3",22529.783,-296395.904,0.244,9,0.855961399106329,0,19.3
"3312","Sm3_20","Sm","S3",22529.783,-296395.904,0.244,10,0.956,0,20.1333333333333
"3313","Sm3_20","Sm","S3",22529.783,-296395.904,0.244,11,1.156,0,20.4
"3314","Sm3_20","Sm","S3",22529.783,-296395.904,0.244,12,1.256,0,20.3666666666667
"3315","Sm3_20","Sm","S3",22529.783,-296395.904,0.244,13,1.256,0,21.3333333333333
"3316","Sm3_20","Sm","S3",22529.783,-296395.904,0.244,14,1.256,0,21.6666666666667
"3317","Sm3_20","Sm","S3",22529.783,-296395.904,0.244,15,1.156,0,21.4333333333333
"3318","Sm3_20","Sm","S3",22529.783,-296395.904,0.244,16,0.956,0,20.9
"3319","Sm3_20","Sm","S3",22529.783,-296395.904,0.244,17,0.756,0,20.5666666666667
"3320","Sm3_20","Sm","S3",22529.783,-296395.904,0.244,18,0.656,0,19.7333333333333
"3321","Sm3_20","Sm","S3",22529.783,-296395.904,0.244,19,0.456,0,14.2833333333333
"3322","Sm3_20","Sm","S3",22529.783,-296395.904,0.244,20,0.256,0,8.45
"3323","Sm3_20","Sm","S3",22529.783,-296395.904,0.244,21,0.256,0,8.15
"3324","Sm3_20","Sm","S3",22529.783,-296395.904,0.244,22,0.356,0,7.85
"3325","Sm3_20","Sm","S3",22529.783,-296395.904,0.244,23,0.556,0,8.2
"3326","Sm3_20","Sm","S3",22529.783,-296395.904,0.244,24,0.723120729462289,0,9.11666666666667
"3327","Sm3_20","Sm","S3",22529.783,-296395.904,0.244,25,0.756,0,9.63333333333333
"3328","Sm3_20","Sm","S3",22529.783,-296395.904,0.244,26,0.956,0,9.86666666666667
"3329","Sm3_20","Sm","S3",22529.783,-296395.904,0.244,27,1.156,0,10.1166666666667
"3330","Sm3_20","Sm","S3",22529.783,-296395.904,0.244,28,1.356,0,10.5
"3331","Sm3_20","Sm","S3",22529.783,-296395.904,0.244,29,1.456,0,11.0666666666667
"3332","Sm3_20","Sm","S3",22529.783,-296395.904,0.244,30,1.356,0,10.8
"3333","Sm3_20","Sm","S3",22529.783,-296395.904,0.244,31,1.256,0,10.6833333333333
"341","Sm3_25","Sm","S3",22525.364,-296394.752,0.278,1,1.322,0,21.3666666666667
"342","Sm3_25","Sm","S3",22525.364,-296394.752,0.278,2,1.222,0,21.2
"343","Sm3_25","Sm","S3",22525.364,-296394.752,0.278,3,1.022,0,20.9666666666667
"344","Sm3_25","Sm","S3",22525.364,-296394.752,0.278,4,0.822,0,20.3666666666667
"345","Sm3_25","Sm","S3",22525.364,-296394.752,0.278,5,0.622,0,19.8666666666667
"346","Sm3_25","Sm","S3",22525.364,-296394.752,0.278,6,0.522,0,20.2333333333333
"347","Sm3_25","Sm","S3",22525.364,-296394.752,0.278,7,0.622,0,16.9
"348","Sm3_25","Sm","S3",22525.364,-296394.752,0.278,8,0.822,0,18.4333333333333
"349","Sm3_25","Sm","S3",22525.364,-296394.752,0.278,9,0.821961399106329,0,18.8
"3410","Sm3_25","Sm","S3",22525.364,-296394.752,0.278,10,0.922,0,19.6666666666667
"3411","Sm3_25","Sm","S3",22525.364,-296394.752,0.278,11,1.122,0,20
"3412","Sm3_25","Sm","S3",22525.364,-296394.752,0.278,12,1.222,0,20.1
"3413","Sm3_25","Sm","S3",22525.364,-296394.752,0.278,13,1.222,0,20.9333333333333
"3414","Sm3_25","Sm","S3",22525.364,-296394.752,0.278,14,1.222,0,21.2666666666667
"3415","Sm3_25","Sm","S3",22525.364,-296394.752,0.278,15,1.122,0,21
"3416","Sm3_25","Sm","S3",22525.364,-296394.752,0.278,16,0.922,0,20.4333333333333
"3417","Sm3_25","Sm","S3",22525.364,-296394.752,0.278,17,0.722,0,20.0333333333333
"3418","Sm3_25","Sm","S3",22525.364,-296394.752,0.278,18,0.622,0,19.0666666666667
"3419","Sm3_25","Sm","S3",22525.364,-296394.752,0.278,19,0.422,0,13.6833333333333
"3420","Sm3_25","Sm","S3",22525.364,-296394.752,0.278,20,0.222,0,7.81666666666667
"3421","Sm3_25","Sm","S3",22525.364,-296394.752,0.278,21,0.222,0,7.36666666666667
"3422","Sm3_25","Sm","S3",22525.364,-296394.752,0.278,22,0.322,0,7.41666666666667
"3423","Sm3_25","Sm","S3",22525.364,-296394.752,0.278,23,0.522,0,7.78333333333333
"3424","Sm3_25","Sm","S3",22525.364,-296394.752,0.278,24,0.689120729462289,0,8.8
"3425","Sm3_25","Sm","S3",22525.364,-296394.752,0.278,25,0.722,0,9.38333333333333
"3426","Sm3_25","Sm","S3",22525.364,-296394.752,0.278,26,0.922,0,9.65
"3427","Sm3_25","Sm","S3",22525.364,-296394.752,0.278,27,1.122,0,9.93333333333333
"3428","Sm3_25","Sm","S3",22525.364,-296394.752,0.278,28,1.322,0,10.3666666666667
"3429","Sm3_25","Sm","S3",22525.364,-296394.752,0.278,29,1.422,0,10.9166666666667
"3430","Sm3_25","Sm","S3",22525.364,-296394.752,0.278,30,1.322,0,10.6333333333333
"3431","Sm3_25","Sm","S3",22525.364,-296394.752,0.278,31,1.222,0,10.5333333333333
"351","Zn4_0","Zn","S4",22089.388,-295800.178,-0.493,1,2.093,0,29.3666666666667
"352","Zn4_0","Zn","S4",22089.388,-295800.178,-0.493,2,1.993,0,29.8
"353","Zn4_0","Zn","S4",22089.388,-295800.178,-0.493,3,1.793,0,30.7333333333333
"354","Zn4_0","Zn","S4",22089.388,-295800.178,-0.493,4,1.593,0,32.1
"355","Zn4_0","Zn","S4",22089.388,-295800.178,-0.493,5,1.393,0,34.4333333333333
"356","Zn4_0","Zn","S4",22089.388,-295800.178,-0.493,6,1.293,0,34.5333333333333
"357","Zn4_0","Zn","S4",22089.388,-295800.178,-0.493,7,1.393,0,34.4333333333333
"358","Zn4_0","Zn","S4",22089.388,-295800.178,-0.493,8,1.593,0,32.3666666666667
"359","Zn4_0","Zn","S4",22089.388,-295800.178,-0.493,9,1.59296139910633,0,30.3
"3510","Zn4_0","Zn","S4",22089.388,-295800.178,-0.493,10,1.693,0,29.6
"3511","Zn4_0","Zn","S4",22089.388,-295800.178,-0.493,11,1.893,0,28.8666666666667
"3512","Zn4_0","Zn","S4",22089.388,-295800.178,-0.493,12,1.993,0,28.2
"3513","Zn4_0","Zn","S4",22089.388,-295800.178,-0.493,13,1.993,0,28.2333333333333
"3514","Zn4_0","Zn","S4",22089.388,-295800.178,-0.493,14,1.993,0,29.3
"3515","Zn4_0","Zn","S4",22089.388,-295800.178,-0.493,15,1.893,0,30.3666666666667
"3516","Zn4_0","Zn","S4",22089.388,-295800.178,-0.493,16,1.693,0,30.9333333333333
"3517","Zn4_0","Zn","S4",22089.388,-295800.178,-0.493,17,1.493,0,32.3
"3518","Zn4_0","Zn","S4",22089.388,-295800.178,-0.493,18,1.393,0,33.5333333333333
"3519","Zn4_0","Zn","S4",22089.388,-295800.178,-0.493,19,1.193,0,28.9833333333333
"3520","Zn4_0","Zn","S4",22089.388,-295800.178,-0.493,20,0.993,0,21.1666666666667
"3521","Zn4_0","Zn","S4",22089.388,-295800.178,-0.493,21,0.993,0,23.3
"3522","Zn4_0","Zn","S4",22089.388,-295800.178,-0.493,22,1.093,0,22.6666666666667
"3523","Zn4_0","Zn","S4",22089.388,-295800.178,-0.493,23,1.293,0,17.6166666666667
"3524","Zn4_0","Zn","S4",22089.388,-295800.178,-0.493,24,1.46012072946229,0,16.05
"3525","Zn4_0","Zn","S4",22089.388,-295800.178,-0.493,25,1.493,0,15.1833333333333
"3526","Zn4_0","Zn","S4",22089.388,-295800.178,-0.493,26,1.693,0,14.3833333333333
"3527","Zn4_0","Zn","S4",22089.388,-295800.178,-0.493,27,1.893,0,14.0166666666667
"3528","Zn4_0","Zn","S4",22089.388,-295800.178,-0.493,28,2.093,0,13.75
"3529","Zn4_0","Zn","S4",22089.388,-295800.178,-0.493,29,2.193,0,13.9666666666667
"3530","Zn4_0","Zn","S4",22089.388,-295800.178,-0.493,30,2.093,0,14.3833333333333
"3531","Zn4_0","Zn","S4",22089.388,-295800.178,-0.493,31,1.993,0,14.55
"361","Zn4_5","Zn","S4",22092.709,-295796.611,-0.208,1,1.808,0,26.4
"362","Zn4_5","Zn","S4",22092.709,-295796.611,-0.208,2,1.708,0,26.5666666666667
"363","Zn4_5","Zn","S4",22092.709,-295796.611,-0.208,3,1.508,0,27.0333333333333
"364","Zn4_5","Zn","S4",22092.709,-295796.611,-0.208,4,1.308,0,27.6333333333333
"365","Zn4_5","Zn","S4",22092.709,-295796.611,-0.208,5,1.108,0,29.2333333333333
"366","Zn4_5","Zn","S4",22092.709,-295796.611,-0.208,6,1.008,0,28.2333333333333
"367","Zn4_5","Zn","S4",22092.709,-295796.611,-0.208,7,1.108,0,27.4
"368","Zn4_5","Zn","S4",22092.709,-295796.611,-0.208,8,1.308,0,26.9666666666667
"369","Zn4_5","Zn","S4",22092.709,-295796.611,-0.208,9,1.30796139910633,0,25.9666666666667
"3610","Zn4_5","Zn","S4",22092.709,-295796.611,-0.208,10,1.408,0,25.8666666666667
"3611","Zn4_5","Zn","S4",22092.709,-295796.611,-0.208,11,1.608,0,25.5333333333333
"3612","Zn4_5","Zn","S4",22092.709,-295796.611,-0.208,12,1.708,0,25.0666666666667
"3613","Zn4_5","Zn","S4",22092.709,-295796.611,-0.208,13,1.708,0,25.2666666666667
"3614","Zn4_5","Zn","S4",22092.709,-295796.611,-0.208,14,1.708,0,26.6666666666667
"3615","Zn4_5","Zn","S4",22092.709,-295796.611,-0.208,15,1.608,0,26.8666666666667
"3616","Zn4_5","Zn","S4",22092.709,-295796.611,-0.208,16,1.408,0,26.9666666666667
"3617","Zn4_5","Zn","S4",22092.709,-295796.611,-0.208,17,1.208,0,27.6
"3618","Zn4_5","Zn","S4",22092.709,-295796.611,-0.208,18,1.108,0,27.9666666666667
"3619","Zn4_5","Zn","S4",22092.709,-295796.611,-0.208,19,0.908,0,22.35
"3620","Zn4_5","Zn","S4",22092.709,-295796.611,-0.208,20,0.708,0,15.85
"3621","Zn4_5","Zn","S4",22092.709,-295796.611,-0.208,21,0.708,0,15.25
"3622","Zn4_5","Zn","S4",22092.709,-295796.611,-0.208,22,0.808,0,14.95
"3623","Zn4_5","Zn","S4",22092.709,-295796.611,-0.208,23,1.008,0,13.6833333333333
"3624","Zn4_5","Zn","S4",22092.709,-295796.611,-0.208,24,1.17512072946229,0,13.25
"3625","Zn4_5","Zn","S4",22092.709,-295796.611,-0.208,25,1.208,0,13
"3626","Zn4_5","Zn","S4",22092.709,-295796.611,-0.208,26,1.408,0,12.6166666666667
"3627","Zn4_5","Zn","S4",22092.709,-295796.611,-0.208,27,1.608,0,12.4833333333333
"3628","Zn4_5","Zn","S4",22092.709,-295796.611,-0.208,28,1.808,0,12.3666666666667
"3629","Zn4_5","Zn","S4",22092.709,-295796.611,-0.208,29,1.908,0,12.9666666666667
"3630","Zn4_5","Zn","S4",22092.709,-295796.611,-0.208,30,1.808,0,12.9833333333333
"3631","Zn4_5","Zn","S4",22092.709,-295796.611,-0.208,31,1.708,0,13.05
"371","Zn4_7","Zn","S4",22094.258,-295795.428,0.07,1,1.53,0,23.5666666666667
"372","Zn4_7","Zn","S4",22094.258,-295795.428,0.07,2,1.43,0,23.5333333333333
"373","Zn4_7","Zn","S4",22094.258,-295795.428,0.07,3,1.23,0,23.6
"374","Zn4_7","Zn","S4",22094.258,-295795.428,0.07,4,1.03,0,23.5666666666667
"375","Zn4_7","Zn","S4",22094.258,-295795.428,0.07,5,0.83,0,23.9
"376","Zn4_7","Zn","S4",22094.258,-295795.428,0.07,6,0.73,0,23.7
"377","Zn4_7","Zn","S4",22094.258,-295795.428,0.07,7,0.83,0,21.4
"378","Zn4_7","Zn","S4",22094.258,-295795.428,0.07,8,1.03,0,22.1
"379","Zn4_7","Zn","S4",22094.258,-295795.428,0.07,9,1.02996139910633,0,21.8333333333333
"3710","Zn4_7","Zn","S4",22094.258,-295795.428,0.07,10,1.13,0,22.3
"3711","Zn4_7","Zn","S4",22094.258,-295795.428,0.07,11,1.33,0,22.3666666666667
"3712","Zn4_7","Zn","S4",22094.258,-295795.428,0.07,12,1.43,0,22.0333333333333
"3713","Zn4_7","Zn","S4",22094.258,-295795.428,0.07,13,1.43,0,23
"3714","Zn4_7","Zn","S4",22094.258,-295795.428,0.07,14,1.43,0,23.6
"3715","Zn4_7","Zn","S4",22094.258,-295795.428,0.07,15,1.33,0,23.5
"3716","Zn4_7","Zn","S4",22094.258,-295795.428,0.07,16,1.13,0,23.2666666666667
"3717","Zn4_7","Zn","S4",22094.258,-295795.428,0.07,17,0.93,0,23.2666666666667
"3718","Zn4_7","Zn","S4",22094.258,-295795.428,0.07,18,0.83,0,22.9333333333333
"3719","Zn4_7","Zn","S4",22094.258,-295795.428,0.07,19,0.63,0,17.2833333333333
"3720","Zn4_7","Zn","S4",22094.258,-295795.428,0.07,20,0.43,0,11.3666666666667
"3721","Zn4_7","Zn","S4",22094.258,-295795.428,0.07,21,0.43,0,11.1333333333333
"3722","Zn4_7","Zn","S4",22094.258,-295795.428,0.07,22,0.53,0,10.4833333333333
"3723","Zn4_7","Zn","S4",22094.258,-295795.428,0.07,23,0.73,0,10.3666666666667
"3724","Zn4_7","Zn","S4",22094.258,-295795.428,0.07,24,0.897120729462289,0,10.7166666666667
"3725","Zn4_7","Zn","S4",22094.258,-295795.428,0.07,25,0.93,0,10.95
"3726","Zn4_7","Zn","S4",22094.258,-295795.428,0.07,26,1.13,0,10.9333333333333
"3727","Zn4_7","Zn","S4",22094.258,-295795.428,0.07,27,1.33,0,11.0333333333333
"3728","Zn4_7","Zn","S4",22094.258,-295795.428,0.07,28,1.53,0,11.1333333333333
"3729","Zn4_7","Zn","S4",22094.258,-295795.428,0.07,29,1.63,0,11.8833333333333
"3730","Zn4_7","Zn","S4",22094.258,-295795.428,0.07,30,1.53,0,11.6166666666667
"3731","Zn4_7","Zn","S4",22094.258,-295795.428,0.07,31,1.43,0,11.6166666666667
"381","Sm4_8","Sm","S4",22094.894,-295794.804,0.114,1,1.486,0,23.0666666666667
"382","Sm4_8","Sm","S4",22094.894,-295794.804,0.114,2,1.386,0,23.0333333333333
"383","Sm4_8","Sm","S4",22094.894,-295794.804,0.114,3,1.186,0,23.0666666666667
"384","Sm4_8","Sm","S4",22094.894,-295794.804,0.114,4,0.986,0,22.8666666666667
"385","Sm4_8","Sm","S4",22094.894,-295794.804,0.114,5,0.786,0,23.1
"386","Sm4_8","Sm","S4",22094.894,-295794.804,0.114,6,0.686,0,23
"387","Sm4_8","Sm","S4",22094.894,-295794.804,0.114,7,0.786,0,20.4666666666667
"388","Sm4_8","Sm","S4",22094.894,-295794.804,0.114,8,0.986,0,21.3333333333333
"389","Sm4_8","Sm","S4",22094.894,-295794.804,0.114,9,0.985961399106329,0,21.2666666666667
"3810","Sm4_8","Sm","S4",22094.894,-295794.804,0.114,10,1.086,0,21.7666666666667
"3811","Sm4_8","Sm","S4",22094.894,-295794.804,0.114,11,1.286,0,21.8666666666667
"3812","Sm4_8","Sm","S4",22094.894,-295794.804,0.114,12,1.386,0,21.5666666666667
"3813","Sm4_8","Sm","S4",22094.894,-295794.804,0.114,13,1.386,0,22.6666666666667
"3814","Sm4_8","Sm","S4",22094.894,-295794.804,0.114,14,1.386,0,23.1333333333333
"3815","Sm4_8","Sm","S4",22094.894,-295794.804,0.114,15,1.286,0,23
"3816","Sm4_8","Sm","S4",22094.894,-295794.804,0.114,16,1.086,0,22.6666666666667
"3817","Sm4_8","Sm","S4",22094.894,-295794.804,0.114,17,0.886,0,22.5666666666667
"3818","Sm4_8","Sm","S4",22094.894,-295794.804,0.114,18,0.786,0,22.1666666666667
"3819","Sm4_8","Sm","S4",22094.894,-295794.804,0.114,19,0.586,0,16.55
"3820","Sm4_8","Sm","S4",22094.894,-295794.804,0.114,20,0.386,0,10.6833333333333
"3821","Sm4_8","Sm","S4",22094.894,-295794.804,0.114,21,0.386,0,10.5
"3822","Sm4_8","Sm","S4",22094.894,-295794.804,0.114,22,0.486,0,9.76666666666667
"3823","Sm4_8","Sm","S4",22094.894,-295794.804,0.114,23,0.686,0,9.83333333333333
"3824","Sm4_8","Sm","S4",22094.894,-295794.804,0.114,24,0.853120729462289,0,10.3333333333333
"3825","Sm4_8","Sm","S4",22094.894,-295794.804,0.114,25,0.886,0,10.6166666666667
"3826","Sm4_8","Sm","S4",22094.894,-295794.804,0.114,26,1.086,0,10.6666666666667
"3827","Sm4_8","Sm","S4",22094.894,-295794.804,0.114,27,1.286,0,10.8
"3828","Sm4_8","Sm","S4",22094.894,-295794.804,0.114,28,1.486,0,10.9833333333333
"3829","Sm4_8","Sm","S4",22094.894,-295794.804,0.114,29,1.586,0,11.6666666666667
"3830","Sm4_8","Sm","S4",22094.894,-295794.804,0.114,30,1.486,0,11.4166666666667
"3831","Sm4_8","Sm","S4",22094.894,-295794.804,0.114,31,1.386,0,11.3833333333333
"391","Sm4_12","Sm","S4",22097.589,-295791.415,0.374,1,1.226,0,20.3666666666667
"392","Sm4_12","Sm","S4",22097.589,-295791.415,0.374,2,1.126,0,20.1333333333333
"393","Sm4_12","Sm","S4",22097.589,-295791.415,0.374,3,0.926,0,19.7666666666667
"394","Sm4_12","Sm","S4",22097.589,-295791.415,0.374,4,0.726,0,18.8666666666667
"395","Sm4_12","Sm","S4",22097.589,-295791.415,0.374,5,0.526,0,17.8666666666667
"396","Sm4_12","Sm","S4",22097.589,-295791.415,0.374,6,0.426,0,18.0666666666667
"397","Sm4_12","Sm","S4",22097.589,-295791.415,0.374,7,0.526,0,15.1666666666667
"398","Sm4_12","Sm","S4",22097.589,-295791.415,0.374,8,0.726,0,16.6666666666667
"399","Sm4_12","Sm","S4",22097.589,-295791.415,0.374,9,0.725961399106329,0,17.3333333333333
"3910","Sm4_12","Sm","S4",22097.589,-295791.415,0.374,10,0.826,0,18.4333333333333
"3911","Sm4_12","Sm","S4",22097.589,-295791.415,0.374,11,1.026,0,18.8666666666667
"3912","Sm4_12","Sm","S4",22097.589,-295791.415,0.374,12,1.126,0,19.2666666666667
"3913","Sm4_12","Sm","S4",22097.589,-295791.415,0.374,13,1.126,0,19.9
"3914","Sm4_12","Sm","S4",22097.589,-295791.415,0.374,14,1.126,0,20.2
"3915","Sm4_12","Sm","S4",22097.589,-295791.415,0.374,15,1.026,0,19.8333333333333
"3916","Sm4_12","Sm","S4",22097.589,-295791.415,0.374,16,0.826,0,19.1
"3917","Sm4_12","Sm","S4",22097.589,-295791.415,0.374,17,0.626,0,18.4666666666667
"3918","Sm4_12","Sm","S4",22097.589,-295791.415,0.374,18,0.526,0,17.1666666666667
"3919","Sm4_12","Sm","S4",22097.589,-295791.415,0.374,19,0.326,0,11.8333333333333
"3920","Sm4_12","Sm","S4",22097.589,-295791.415,0.374,20,0.126,0,5.78333333333333
"3921","Sm4_12","Sm","S4",22097.589,-295791.415,0.374,21,0.126,0,4.55
"3922","Sm4_12","Sm","S4",22097.589,-295791.415,0.374,22,0.226,0,5.98333333333333
"3923","Sm4_12","Sm","S4",22097.589,-295791.415,0.374,23,0.426,0,6.41666666666667
"3924","Sm4_12","Sm","S4",22097.589,-295791.415,0.374,24,0.593120729462289,0,7.85
"3925","Sm4_12","Sm","S4",22097.589,-295791.415,0.374,25,0.626,0,8.63333333333333
"3926","Sm4_12","Sm","S4",22097.589,-295791.415,0.374,26,0.826,0,9.05
"3927","Sm4_12","Sm","S4",22097.589,-295791.415,0.374,27,1.026,0,9.4
"3928","Sm4_12","Sm","S4",22097.589,-295791.415,0.374,28,1.226,0,10.0333333333333
"3929","Sm4_12","Sm","S4",22097.589,-295791.415,0.374,29,1.326,0,10.4333333333333
"3930","Sm4_12","Sm","S4",22097.589,-295791.415,0.374,30,1.226,0,10.15
"3931","Sm4_12","Sm","S4",22097.589,-295791.415,0.374,31,1.126,0,10.0166666666667
"40","Sm4_15","Sm","S4",22099.22,-295789.262,0.601,1,0.999,0,17.9333333333333
"401","Sm4_15","Sm","S4",22099.22,-295789.262,0.601,2,0.899,0,17.4333333333333
"402","Sm4_15","Sm","S4",22099.22,-295789.262,0.601,3,0.699,0,16.7
"403","Sm4_15","Sm","S4",22099.22,-295789.262,0.601,4,0.499,0,15
"404","Sm4_15","Sm","S4",22099.22,-295789.262,0.601,5,0.299,0,12.5333333333333
"405","Sm4_15","Sm","S4",22099.22,-295789.262,0.601,6,0.199,0,12
"406","Sm4_15","Sm","S4",22099.22,-295789.262,0.601,7,0.299,0,10.1333333333333
"407","Sm4_15","Sm","S4",22099.22,-295789.262,0.601,8,0.499,0,12.0333333333333
"408","Sm4_15","Sm","S4",22099.22,-295789.262,0.601,9,0.498961399106329,0,13.5666666666667
"409","Sm4_15","Sm","S4",22099.22,-295789.262,0.601,10,0.599,0,15.2666666666667
"4010","Sm4_15","Sm","S4",22099.22,-295789.262,0.601,11,0.799,0,16.1
"4011","Sm4_15","Sm","S4",22099.22,-295789.262,0.601,12,0.899,0,17.2666666666667
"4012","Sm4_15","Sm","S4",22099.22,-295789.262,0.601,13,0.899,0,17.2333333333333
"4013","Sm4_15","Sm","S4",22099.22,-295789.262,0.601,14,0.899,0,17.4666666666667
"4014","Sm4_15","Sm","S4",22099.22,-295789.262,0.601,15,0.799,0,16.8666666666667
"4015","Sm4_15","Sm","S4",22099.22,-295789.262,0.601,16,0.599,0,15.7333333333333
"4016","Sm4_15","Sm","S4",22099.22,-295789.262,0.601,17,0.399,0,14.3666666666667
"4017","Sm4_15","Sm","S4",22099.22,-295789.262,0.601,18,0.299,0,12.0666666666667
"4018","Sm4_15","Sm","S4",22099.22,-295789.262,0.601,19,0.099,0,6.33333333333333
"4019","Sm4_15","Sm","S4",22099.22,-295789.262,0.601,20,0,0,0
"4020","Sm4_15","Sm","S4",22099.22,-295789.262,0.601,21,0,0,0
"4021","Sm4_15","Sm","S4",22099.22,-295789.262,0.601,22,0,0,0
"4022","Sm4_15","Sm","S4",22099.22,-295789.262,0.601,23,0.199,0,1.75
"4023","Sm4_15","Sm","S4",22099.22,-295789.262,0.601,24,0.366120729462289,0,5.23333333333333
"4024","Sm4_15","Sm","S4",22099.22,-295789.262,0.601,25,0.399,0,6.73333333333333
"4025","Sm4_15","Sm","S4",22099.22,-295789.262,0.601,26,0.599,0,7.51666666666667
"4026","Sm4_15","Sm","S4",22099.22,-295789.262,0.601,27,0.799,0,8.28333333333333
"4027","Sm4_15","Sm","S4",22099.22,-295789.262,0.601,28,0.999,0,9
"4028","Sm4_15","Sm","S4",22099.22,-295789.262,0.601,29,1.099,0,9.31666666666667
"4029","Sm4_15","Sm","S4",22099.22,-295789.262,0.601,30,0.999,0,8.96666666666667
"4030","Sm4_15","Sm","S4",22099.22,-295789.262,0.601,31,0.899,0,8.73333333333333
